Week #,üìÖ Date,WOFTD,üßòüèΩ‚Äç‚ôÄÔ∏èMeditation,‚òÄÔ∏è 7AM Rise,üåô 7hr+,‚úçüèºJournaling,üõº Exercise,üóºDuo,üá®üá≥ Chinese,Walk üö∂üèª‚Äç‚ôÄÔ∏è,üçó Meat,üìò Reading,üß¥ Skincare,Mood /10,Fish
3,"August 16, 2021",Organisation,No,No,Yes,No,Yes,Yes,Yes,Yes,Yes,Yes,Yes,8,No
3,"August 16, 2021",Restart,No,No,Yes,No,Yes,Yes,Yes,Yes,Yes,Yes,Yes,7,No
4,"August 17, 2021",Korean BBQ,No,No,Yes,No,Yes,Yes,Yes,Yes,Yes,Yes,Yes,9,No
,"August 17, 2021",Korean BBQ,No,No,Yes,No,No,Yes,No,Yes,Yes,Yes,Yes,9,No
4,"August 18, 2021",Beliefs,No,No,Yes,No,No,Yes,Yes,Yes,No,Yes,Yes,4,No
,"August 18, 2021",Haircut,No,No,Yes,Yes,Yes,Yes,Yes,Yes,No,Yes,Yes,6,No
4,"August 19, 2021",Potential,No,No,Yes,No,No,Yes,Yes,No,Yes,Yes,No,4,No
4,"August 20, 2021",Waiting,No,No,No,No,No,Yes,Yes,No,No,Yes,No,,No
4,"August 21, 2021",Family,No,No,Yes,No,Yes,Yes,Yes,Yes,Yes,Yes,Yes,,No
4,"August 22, 2021",,No,No,Yes,No,Yes,Yes,Yes,Yes,Yes,Yes,Yes,,No
5,"August 23, 2021",Working ,No,No,Yes,No,Yes,Yes,Yes,Yes,Yes,Yes,Yes,9,No
5,"August 24, 2021",,No,No,No,No,No,Yes,Yes,Yes,No,No,Yes,,No
5,"August 25, 2021",,No,No,No,No,No,No,No,No,No,No,No,,No
5,"August 26, 2021",Flight,No,Yes,No,No,Yes,No,No,Yes,Yes,Yes,Yes,8,No
5,"August 27, 2021",Pyramids,No,No,Yes,No,Yes,No,No,Yes,Yes,No,Yes,7,No
5,"August 28, 2021",snorkeling ,No,No,Yes,No,No,No,No,Yes,Yes,Yes,Yes,8,No
5,"August 29, 2021",Tampon,No,No,Yes,No,No,No,No,Yes,Yes,Yes,Yes,9,No
6,"August 30, 2021",Beach day,No,No,Yes,No,Yes,No,No,Yes,No,Yes,Yes,8,No
6,"August 31, 2021",Buggies badassery ,No,Yes,Yes,No,Yes,No,No,Yes,Yes,Yes,Yes,9,No
6,"September 1, 2021",Massage,No,No,Yes,No,Yes,No,No,Yes,Yes,Yes,Yes,7,No
6,"September 2, 2021",Dreams,No,No,Yes,No,No,No,No,Yes,No,Yes,Yes,7,No
6,"September 3, 2021",Dives,No,No,Yes,No,Yes,No,No,Yes,Yes,Yes,Yes,7,No
6,"September 4, 2021",Last day ,No,No,Yes,No,Yes,No,No,Yes,Yes,Yes,Yes,9,No
6,"September 5, 2021",Morning,No,Yes,Yes,Yes,Yes,No,No,Yes,Yes,No,Yes,8,No
7,"September 6, 2021",Back to work,No,No,Yes,No,No,Yes,Yes,Yes,Yes,Yes,Yes,8,No
7,"September 7, 2021",Home Life,No,No,Yes,No,No,Yes,Yes,Yes,Yes,No,Yes,9,No
7,"September 8, 2021",Prep,No,No,Yes,No,No,Yes,Yes,No,No,No,Yes,8,No
7,"September 9, 2021",Lasik,Yes,Yes,No,No,No,Yes,Yes,No,Yes,Yes,No,8,No
7,"September 10, 2021",Recovery,No,No,Yes,No,No,No,No,Yes,Yes,No,No,7,No
7,"September 11, 2021",Family ,No,No,Yes,No,No,No,No,Yes,No,No,No,8,No
7,"September 12, 2021",Appointments ,No,No,No,No,No,No,No,No,No,No,No,,No
8,"September 13, 2021",Friendships,No,No,Yes,No,No,No,No,Yes,Yes,No,No,7,No
8,"September 14, 2021",Eye fears,No,No,Yes,No,No,No,No,Yes,No,No,No,9,No
8,"September 15, 2021",Nostalgia,No,No,Yes,No,No,No,No,Yes,No,No,Yes,7,No
8,"September 16, 2021",Anger,No,No,Yes,No,No,Yes,Yes,Yes,Yes,Yes,Yes,7,No
8,"September 17, 2021",Scooters,No,No,Yes,No,No,Yes,Yes,Yes,No,Yes,Yes,8,No
8,"September 18, 2021",Raspberries,No,No,Yes,Yes,No,Yes,No,Yes,Yes,No,Yes,10,No
8,"September 19, 2021",Dacha,No,No,Yes,Yes,No,Yes,Yes,Yes,No,Yes,Yes,9,No
9,"September 20, 2021",Control,No,No,Yes,Yes,No,Yes,Yes,Yes,Yes,Yes,Yes,8,No
,"September 20, 2021",,No,No,No,No,No,No,No,No,No,No,No,,No
9,"September 21, 2021",Relief,No,Yes,Yes,Yes,No,Yes,Yes,Yes,Yes,Yes,Yes,7,No
,"September 21, 2021",,No,No,No,No,No,No,No,No,No,No,No,,No
9,"September 22, 2021",Jam,No,No,Yes,Yes,No,Yes,Yes,Yes,Yes,Yes,Yes,8,No
9,"September 23, 2021",Road,Yes,Yes,No,Yes,No,No,No,Yes,Yes,No,Yes,7,No
9,"September 24, 2021",Dust,No,No,Yes,No,No,No,No,Yes,Yes,Yes,Yes,6,No
9,"September 25, 2021",Ambra ,No,No,Yes,No,No,Yes,Yes,Yes,Yes,Yes,Yes,7,No
9,"September 26, 2021",Late,No,Yes,Yes,No,No,No,No,No,Yes,Yes,Yes,,No
10,"September 27, 2021",Future,No,No,No,No,No,No,No,Yes,No,Yes,No,9,No
10,"September 28, 2021",Scarf,No,No,Yes,No,No,No,No,Yes,Yes,Yes,Yes,9,No
10,"September 29, 2021",Korean Bbq,No,No,Yes,No,No,Yes,Yes,Yes,Yes,Yes,No,8,No
10,"September 30, 2021",Brows,No,Yes,No,Yes,No,Yes,Yes,Yes,Yes,Yes,Yes,9,No
10,"October 1, 2021",Phobias,No,No,Yes,No,No,No,No,Yes,Yes,Yes,Yes,10,No
10,"October 2, 2021",Guns,No,No,Yes,No,No,No,No,Yes,Yes,Yes,No,9,No
10,"October 3, 2021",Fears,No,No,Yes,Yes,No,No,No,Yes,Yes,Yes,Yes,7,No
11,"October 4, 2021",Cringe,No,No,Yes,No,No,No,No,Yes,No,Yes,No,7,No
11,"October 5, 2021",Tests,No,No,No,No,No,No,No,No,No,No,Yes,9,No
11,"October 6, 2021",Overhaul,No,No,Yes,No,No,No,No,Yes,No,Yes,No,7,No
11,"October 7, 2021",Flight,No,No,No,No,No,No,No,No,No,No,No,8,No
11,"October 8, 2021",Boxes,No,No,Yes,No,No,No,No,No,Yes,No,No,8,No
11,"October 9, 2021",IKEA,No,No,Yes,No,No,No,No,Yes,Yes,No,No,6,No
11,"October 10, 2021",Time,No,No,Yes,Yes,No,No,No,Yes,Yes,No,No,8,No
12,"October 11, 2021",Firsts,No,No,Yes,No,No,No,No,Yes,Yes,No,No,8,No
12,"October 12, 2021",Back,No,Yes,Yes,No,No,No,Yes,Yes,Yes,No,Yes,8,No
12,"October 13, 2021",Sick,No,Yes,Yes,No,No,No,No,Yes,No,No,No,8,No
12,"October 14, 2021",Plants,No,No,Yes,No,No,No,No,Yes,No,No,Yes,10,No
12,"October 15, 2021",Blues,No,Yes,Yes,No,No,No,No,Yes,Yes,No,Yes,10,No
12,"October 16, 2021",Coincidences,No,No,Yes,No,No,No,No,Yes,No,No,No,8,No
12,"October 17, 2021",Pumpkins,No,No,Yes,Yes,No,No,No,Yes,Yes,No,Yes,7,No
13,"October 18, 2021",Finally,No,Yes,Yes,Yes,No,No,No,Yes,No,No,Yes,8,No
13,"October 19, 2021",Perspective,No,Yes,Yes,No,No,No,No,Yes,Yes,No,No,8,No
13,"October 20, 2021",Dinner,No,Yes,Yes,No,No,No,No,Yes,Yes,No,No,7,No
13,"October 21, 2021",Ladybug,No,No,Yes,Yes,No,No,No,Yes,No,No,Yes,6,No
13,"October 22, 2021",Bagel,No,Yes,Yes,No,No,No,No,Yes,Yes,No,No,7,No
13,"October 23, 2021",Birthdays,No,No,Yes,No,No,No,No,Yes,Yes,No,No,8,No
13,"October 24, 2021",Rush,No,No,Yes,No,No,No,No,Yes,Yes,Yes,Yes,9,No
14,"October 25, 2021",Sleep,No,No,No,No,No,No,No,Yes,Yes,No,Yes,8,No
14,"October 26, 2021",Money,No,No,Yes,No,No,No,No,Yes,Yes,No,Yes,9,No
14,"October 27, 2021",Blur,No,No,Yes,No,No,No,No,Yes,No,No,No,7,No
14,"October 28, 2021",Effort,No,No,No,Yes,No,No,No,No,No,No,No,7,No
14,"October 29, 2021",Rest,No,Yes,Yes,No,No,No,No,Yes,Yes,No,Yes,8,No
14,"October 30, 2021",Last day,No,No,Yes,No,No,No,No,No,Yes,No,No,8,No
14,"October 31, 2021",Halloween ,No,No,Yes,No,No,No,No,Yes,Yes,No,Yes,9,No
15,"November 1, 2021",Bookstore,No,No,Yes,Yes,No,No,No,No,No,Yes,Yes,10,No
15,"November 2, 2021",Confidence,No,Yes,Yes,Yes,No,No,No,Yes,Yes,Yes,Yes,6,No
15,"November 3, 2021",Balance,No,No,Yes,No,Yes,Yes,Yes,Yes,Yes,Yes,Yes,8,No
15,"November 4, 2021",Cinnamon apples,No,No,Yes,No,Yes,Yes,Yes,Yes,Yes,Yes,Yes,8,No
15,"November 5, 2021",Bristol,No,No,Yes,No,No,Yes,Yes,Yes,Yes,Yes,Yes,7,No
15,"November 6, 2021",London ,No,Yes,No,No,Yes,No,No,Yes,Yes,Yes,Yes,9,No
15,"November 7, 2021",Sunday,No,No,Yes,No,No,Yes,Yes,Yes,No,Yes,Yes,9,No
16,"November 8, 2021",Restraint,No,No,Yes,No,No,Yes,Yes,Yes,No,Yes,Yes,9,No
16,"November 9, 2021",Effort,No,Yes,No,No,No,Yes,Yes,Yes,No,Yes,Yes,7,No
16,"November 10, 2021",Attire,No,No,Yes,Yes,No,Yes,Yes,No,No,Yes,Yes,7,No
16,"November 11, 2021",Fuss,No,Yes,Yes,No,Yes,Yes,Yes,Yes,No,Yes,Yes,7,No
16,"November 12, 2021",Analysis,No,No,No,No,No,Yes,Yes,Yes,No,No,Yes,8,No
16,"November 13, 2021",Michelin,No,Yes,Yes,No,No,Yes,Yes,Yes,Yes,No,Yes,9,No
16,"November 14, 2021",Writing,No,No,Yes,No,No,No,No,No,Yes,Yes,Yes,8,No
17,"November 15, 2021",Changed,No,Yes,Yes,Yes,No,No,No,Yes,Yes,No,Yes,9,No
17,"November 16, 2021",Art,No,Yes,Yes,No,Yes,No,No,Yes,Yes,No,Yes,9,No
17,"November 17, 2021",Balance,No,No,Yes,No,Yes,No,No,Yes,Yes,No,Yes,7,No
17,"November 18, 2021",Flight,No,Yes,Yes,No,Yes,No,No,Yes,Yes,No,Yes,8,No
17,"November 19, 2021",Returns,No,No,Yes,Yes,No,Yes,Yes,No,Yes,No,Yes,7,No
17,"November 20, 2021",Gentle,No,Yes,Yes,Yes,No,No,No,No,No,Yes,Yes,6,No
17,"November 21, 2021",Calm,No,No,Yes,No,No,Yes,Yes,Yes,Yes,Yes,Yes,8,No
18,"November 22, 2021",Belief,No,No,Yes,Yes,No,No,Yes,Yes,Yes,No,Yes,6,No
18,"November 23, 2021",Tired,No,No,Yes,No,No,Yes,Yes,No,No,Yes,Yes,8,No
18,"November 24, 2021",Submissions,No,No,Yes,No,No,Yes,Yes,Yes,No,Yes,Yes,7,No
18,"November 25, 2021",Interruption,No,No,No,No,No,Yes,Yes,Yes,Yes,Yes,Yes,8,No
18,"November 26, 2021",Rush,No,Yes,Yes,No,No,No,No,No,No,Yes,Yes,7,No
18,"November 27, 2021",Waiting,No,No,Yes,No,No,No,No,Yes,Yes,Yes,Yes,6,No
18,"November 28, 2021",Agency,No,No,Yes,No,No,No,No,Yes,Yes,No,Yes,9,No
19,"November 29, 2021",Improvement,No,No,No,Yes,No,No,No,Yes,Yes,Yes,Yes,9,No
19,"November 30, 2021",Soul,No,Yes,Yes,No,No,Yes,Yes,Yes,No,Yes,Yes,8,No
19,"December 1, 2021",Fear,No,Yes,Yes,No,No,Yes,Yes,Yes,No,Yes,Yes,7,No
19,"December 2, 2021",Cardiff,No,No,Yes,Yes,No,Yes,Yes,Yes,Yes,Yes,Yes,8,No
19,"December 3, 2021",Pinnacle ,No,Yes,No,Yes,No,Yes,Yes,No,Yes,Yes,No,4,No
19,"December 4, 2021",Yellow,No,No,Yes,Yes,No,Yes,Yes,Yes,No,Yes,Yes,8,No
19,"December 5, 2021",Moon,No,No,Yes,Yes,No,Yes,Yes,Yes,No,Yes,Yes,9,No
20,"December 6, 2021",Happy,No,No,Yes,Yes,No,No,No,Yes,Yes,Yes,Yes,10,No
20,"December 7, 2021",Tired,Yes,No,Yes,No,No,Yes,Yes,Yes,Yes,No,Yes,7,No
20,"December 8, 2021",Slow,No,No,Yes,No,No,Yes,Yes,No,No,Yes,Yes,7,No
20,"December 9, 2021",Sad,No,No,No,Yes,No,Yes,Yes,Yes,No,Yes,Yes,3,No
20,"December 10, 2021",Friends,No,No,Yes,Yes,No,No,No,Yes,No,No,Yes,8,No
20,"December 11, 2021",Analytics,No,No,Yes,No,No,Yes,Yes,Yes,Yes,Yes,Yes,10,No
20,"December 12, 2021",Progress ,No,Yes,Yes,No,No,No,No,Yes,No,Yes,Yes,8,No
21,"December 13, 2021",Start,No,No,Yes,No,No,Yes,Yes,No,No,Yes,Yes,8,No
21,"December 14, 2021",Sameness,No,No,Yes,No,No,No,No,No,Yes,No,Yes,7,No
21,"December 15, 2021",Pain,No,No,Yes,Yes,No,Yes,Yes,No,No,Yes,Yes,4,No
21,"December 16, 2021",Obstacles,No,No,Yes,No,No,Yes,Yes,Yes,Yes,Yes,Yes,7,No
21,"December 17, 2021",Exhaustion,No,No,Yes,No,No,Yes,Yes,Yes,No,Yes,Yes,7,No
21,"December 18, 2021",Chill,No,No,Yes,No,No,Yes,Yes,Yes,No,Yes,Yes,7,No
21,"December 19, 2021",Pottery,No,No,Yes,No,No,Yes,Yes,Yes,No,Yes,Yes,6,No
22,"December 20, 2021",Blues,No,No,Yes,No,No,Yes,Yes,Yes,Yes,Yes,Yes,7,No
22,"December 21, 2021",Prep,No,No,Yes,No,No,Yes,Yes,Yes,No,Yes,Yes,8,No
22,"December 22, 2021",Flight,No,Yes,No,No,No,Yes,Yes,No,No,No,Yes,7,No
22,"December 23, 2021",Stagnation,No,No,No,No,No,Yes,Yes,Yes,Yes,Yes,Yes,4,No
22,"December 24, 2021",Dread,No,No,Yes,No,No,Yes,Yes,No,No,No,Yes,4,No
22,"December 25, 2021",Wedding,No,No,Yes,No,No,Yes,Yes,No,Yes,No,Yes,2,No
22,"December 26, 2021",Sledding,No,No,Yes,Yes,No,Yes,Yes,Yes,Yes,Yes,Yes,7,No
23,"December 27, 2021",Petulance,No,No,Yes,No,No,Yes,Yes,No,Yes,Yes,Yes,2,No
23,"December 28, 2021",Healing,No,No,No,No,No,Yes,Yes,No,Yes,No,Yes,4,No
23,"December 29, 2021",Ice skating,No,No,No,No,Yes,Yes,Yes,Yes,Yes,No,Yes,7,No
23,"December 30, 2021",writing,No,No,Yes,No,No,Yes,Yes,No,No,No,Yes,6,No
23,"December 31, 2021",Covid,No,No,Yes,No,No,Yes,Yes,No,Yes,No,Yes,4,No
23,"January 1, 2022",Cleaning,No,No,Yes,No,No,No,No,Yes,Yes,Yes,Yes,6,No
23,"January 2, 2022",Fever,Yes,No,Yes,Yes,Yes,Yes,Yes,No,Yes,No,Yes,6,No
24,"January 3, 2022",Fatigue,No,No,Yes,No,Yes,Yes,Yes,Yes,Yes,No,Yes,6,No
24,"January 4, 2022",Anger,No,No,Yes,No,Yes,Yes,Yes,No,No,Yes,Yes,2,No
24,"January 5, 2022",Doctor,No,No,Yes,Yes,Yes,Yes,Yes,No,No,No,Yes,2,No
24,"January 6, 2022",Smell,No,No,Yes,No,Yes,No,No,Yes,Yes,Yes,Yes,3,No
24,"January 7, 2022",Panic,No,No,Yes,Yes,Yes,No,No,Yes,Yes,No,Yes,4,No
24,"January 8, 2022",Compliment,No,No,Yes,No,Yes,No,Yes,Yes,Yes,No,Yes,7,No
24,"January 9, 2022",Edits,No,No,Yes,No,Yes,Yes,Yes,Yes,No,Yes,Yes,8,No
25,"January 10, 2022",,No,No,Yes,No,Yes,Yes,Yes,No,No,No,Yes,,No
25,"January 11, 2022",Structure and ski,No,No,Yes,No,Yes,No,No,Yes,Yes,No,Yes,7,No
25,"January 12, 2022",Shakshuka,No,No,Yes,No,Yes,Yes,Yes,No,Yes,No,Yes,8,No
25,"January 13, 2022",Submissions,No,No,Yes,No,No,Yes,Yes,No,Yes,Yes,Yes,7,No
25,"January 14, 2022",,No,No,Yes,No,No,No,No,Yes,Yes,No,No,,No
25,"January 15, 2022",Returns ,No,No,Yes,No,No,Yes,Yes,Yes,Yes,No,No,7,No
25,"January 16, 2022",Structure,No,No,Yes,No,Yes,Yes,No,No,Yes,No,Yes,,No
26,"January 17, 2022",Illusions,No,No,Yes,No,Yes,Yes,Yes,No,Yes,No,Yes,6,No
26,"January 18, 2022",Mom,No,Yes,No,No,Yes,Yes,No,No,Yes,No,Yes,6,No
26,"January 19, 2022",Test,No,No,No,No,Yes,Yes,No,Yes,Yes,No,Yes,8,No
26,"January 20, 2022",Manifest,No,No,Yes,No,No,Yes,No,No,Yes,No,Yes,6,No
26,"January 21, 2022",Chores,No,No,Yes,No,No,No,No,No,Yes,No,Yes,7,No
26,"January 22, 2022",Miso,No,No,Yes,No,No,Yes,No,Yes,Yes,No,Yes,8,No
26,"January 23, 2022",Hurry,No,No,Yes,No,No,No,No,Yes,Yes,No,Yes,8,No
27,"January 24, 2022",Panic,No,No,Yes,No,No,No,No,Yes,Yes,No,Yes,7,No
27,"January 25, 2022",Flowers,No,No,Yes,No,No,No,No,Yes,Yes,No,Yes,7,No
27,"January 26, 2022",Starbucks,No,No,Yes,No,No,No,No,Yes,Yes,No,Yes,8,No
27,"January 27, 2022",Break,No,No,Yes,No,No,No,No,Yes,No,No,Yes,7,No
27,"January 28, 2022",Nairich,No,No,Yes,No,No,Yes,No,Yes,No,No,Yes,8,No
27,"January 29, 2022",Birthday Crawl,No,No,Yes,No,No,No,No,Yes,Yes,No,Yes,10,No
27,"January 30, 2022",Doubledate,No,No,No,Yes,No,No,No,Yes,Yes,Yes,Yes,9,No
29,"January 31, 2022",Pool,No,No,Yes,No,No,No,No,Yes,No,Yes,Yes,6,No
29,"February 1, 2022",Coggy,No,Yes,No,No,No,No,No,Yes,Yes,No,Yes,6,No
29,"February 2, 2022",Sick,No,No,Yes,No,No,No,No,No,No,No,Yes,6,No
29,"February 3, 2022",Not Sick,No,No,Yes,No,No,No,No,No,Yes,Yes,Yes,7,No
29,"February 4, 2022",Analysis,No,No,Yes,No,Yes,No,No,Yes,Yes,No,Yes,8,No
29,"February 5, 2022",Slow,No,No,Yes,No,No,No,No,Yes,Yes,No,Yes,7,No
29,"February 6, 2022",Recording,No,No,Yes,No,No,No,No,Yes,Yes,No,Yes,7,No
30,"February 7, 2022",New Start,No,No,No,No,No,No,No,Yes,Yes,No,Yes,6,No
30,"February 8, 2022",Work,No,No,Yes,No,No,No,No,Yes,Yes,No,Yes,7,No
30,"February 9, 2022",First,No,No,Yes,No,No,Yes,No,Yes,Yes,Yes,Yes,8,No
30,"February 10, 2022",Habits,No,No,Yes,No,No,No,No,Yes,Yes,Yes,Yes,7,No
30,"February 11, 2022",Ninety-Five,No,No,Yes,No,No,No,No,Yes,Yes,No,Yes,10,No
30,"February 12, 2022",Castles,No,No,Yes,No,No,Yes,No,Yes,Yes,Yes,Yes,10,No
30,"February 13, 2022",Personal Time,Yes,No,Yes,Yes,Yes,Yes,No,Yes,Yes,Yes,Yes,8,No
31,"February 14, 2022",Rush,No,Yes,No,No,No,Yes,No,Yes,Yes,Yes,No,7,No
31,"February 15, 2022",Languages,No,Yes,Yes,No,No,Yes,No,Yes,Yes,No,Yes,8,No
31,"February 16, 2022",Battling,No,No,Yes,No,No,Yes,No,Yes,No,No,Yes,6,No
31,"February 17, 2022",Skyline,No,Yes,Yes,No,Yes,No,No,Yes,Yes,No,Yes,7,No
31,"February 18, 2022",Storm,No,No,Yes,No,No,Yes,No,Yes,No,No,Yes,7,No
31,"February 19, 2022",Expectations,No,No,Yes,No,No,No,No,Yes,Yes,No,Yes,6,No
31,"February 20, 2022",Hinge,Yes,No,Yes,Yes,Yes,No,No,Yes,No,No,Yes,4,No
32,"February 21, 2022",scampi ,No,No,Yes,No,No,No,No,Yes,No,No,Yes,8,No
32,"February 22, 2022",Pelmeni,No,No,Yes,No,No,No,Yes,Yes,Yes,No,Yes,8,No
32,"February 23, 2022",Schedule,No,No,Yes,No,No,No,No,Yes,Yes,Yes,Yes,6,No
32,"February 24, 2022",War & Waiting,No,No,Yes,No,No,No,No,Yes,Yes,No,Yes,6,No
32,"February 25, 2022",Ill,No,No,Yes,No,No,No,No,Yes,Yes,No,No,6,No
32,"February 26, 2022",Easy,No,No,Yes,No,No,No,No,Yes,Yes,No,Yes,7,No
32,"February 27, 2022",Tor,Yes,No,Yes,No,Yes,Yes,No,Yes,Yes,Yes,Yes,8,No
33,"February 28, 2022",Cognisess,No,No,No,No,No,No,No,Yes,No,No,Yes,7,No
33,"March 1, 2022",Freedom,Yes,No,Yes,Yes,Yes,Yes,Yes,Yes,No,No,Yes,7,No
33,"March 2, 2022",Waiting,No,No,Yes,Yes,No,Yes,No,Yes,No,No,Yes,4,No
33,"March 3, 2022",Walk,No,No,No,No,No,No,No,Yes,Yes,No,No,7,No
33,"March 4, 2022",Intrinsic,No,No,Yes,No,No,No,No,Yes,No,No,No,9,No
33,"March 5, 2022",Talk,No,No,Yes,No,No,No,No,Yes,Yes,No,Yes,7,No
33,"March 6, 2022",Day,Yes,No,Yes,No,Yes,Yes,No,Yes,No,No,No,8,No
34,"March 7, 2022",Southgate,No,No,Yes,No,No,No,No,Yes,No,No,Yes,7,No
34,"March 8, 2022",Batman,No,No,Yes,No,No,No,Yes,Yes,No,Yes,Yes,7,No
34,"March 9, 2022",Haze,Yes,No,Yes,Yes,No,No,No,Yes,No,No,Yes,7,No
34,"March 10, 2022",Outsider,No,No,Yes,Yes,No,Yes,No,Yes,No,Yes,Yes,8,No
34,"March 11, 2022",Results,No,No,Yes,No,No,Yes,Yes,No,Yes,No,Yes,8,No
34,"March 12, 2022",Distance,No,No,Yes,No,No,Yes,Yes,Yes,Yes,No,Yes,7,No
34,"March 13, 2022",ExCEL,No,No,Yes,No,No,Yes,No,Yes,Yes,No,Yes,8,No
35,"March 14, 2022",Graduation,No,Yes,No,No,No,Yes,No,Yes,Yes,No,Yes,8,No
35,"March 15, 2022",Pigeons,No,Yes,Yes,Yes,No,Yes,No,Yes,Yes,No,Yes,8,No
35,"March 16, 2022",Progress,No,Yes,Yes,Yes,No,Yes,No,Yes,Yes,Yes,Yes,9,No
35,"March 17, 2022",My Place,No,No,No,No,No,No,No,Yes,No,Yes,Yes,9,No
35,"March 18, 2022",Introduction ,No,Yes,Yes,No,No,Yes,No,Yes,Yes,Yes,Yes,7,No
35,"March 19, 2022",Poops,No,No,Yes,No,No,Yes,No,Yes,No,Yes,Yes,6,No
35,"March 20, 2022",Sunny,Yes,No,Yes,Yes,Yes,Yes,No,Yes,Yes,Yes,Yes,9,No
36,"March 21, 2022",York,No,No,Yes,No,No,Yes,No,Yes,Yes,No,Yes,7,No
36,"March 22, 2022",Valhalla ,No,Yes,Yes,No,Yes,Yes,Yes,Yes,Yes,No,Yes,8,No
36,"March 23, 2022",Betty‚Äôs ,No,No,Yes,No,Yes,Yes,No,Yes,Yes,No,Yes,8,No
36,"March 24, 2022",Home,Yes,No,Yes,Yes,No,Yes,No,Yes,No,No,Yes,7,No
36,"March 25, 2022",Beast mode,No,No,Yes,Yes,No,Yes,No,Yes,No,No,No,8,No
36,"March 26, 2022",Slug,No,No,Yes,No,No,Yes,Yes,Yes,Yes,No,Yes,8,No
36,"March 27, 2022",Motivation,Yes,No,Yes,Yes,Yes,Yes,No,Yes,Yes,No,Yes,9,No
37,"March 28, 2022",Discussion,No,No,Yes,Yes,No,Yes,No,Yes,No,Yes,Yes,9,No
37,"March 29, 2022",Headache,No,No,Yes,Yes,No,Yes,Yes,Yes,No,No,Yes,7,No
37,"March 30, 2022",Clay,No,No,Yes,Yes,No,Yes,No,Yes,Yes,No,Yes,7,No
37,"March 31, 2022",Disciplined,No,No,Yes,Yes,No,Yes,No,Yes,No,No,No,8,No
37,"April 1, 2022",Psychadelics,No,No,Yes,Yes,No,Yes,No,Yes,Yes,No,Yes,7,No
37,"April 2, 2022",Funday,No,No,Yes,No,No,No,Yes,Yes,No,No,Yes,9,No
37,"April 3, 2022",River cruise ,Yes,No,Yes,No,Yes,Yes,No,Yes,Yes,No,Yes,9,No
38,"April 4, 2022",Rammadan,No,Yes,Yes,Yes,No,Yes,No,No,No,No,Yes,8,No
38,"April 5, 2022",Discussion,No,No,Yes,Yes,No,No,Yes,Yes,Yes,No,Yes,7,No
38,"April 6, 2022",Anxiety,No,No,No,Yes,No,Yes,No,Yes,Yes,No,Yes,4,No
38,"April 7, 2022",Showing up,No,No,Yes,Yes,No,Yes,No,Yes,Yes,No,Yes,7,No
38,"April 8, 2022",Roman Baths,No,No,Yes,No,No,Yes,No,Yes,Yes,Yes,No,8,No
38,"April 9, 2022",Drowzy,No,No,Yes,Yes,No,Yes,Yes,Yes,Yes,Yes,Yes,7,No
38,"April 10, 2022",Walk,Yes,Yes,Yes,Yes,Yes,Yes,No,Yes,Yes,Yes,Yes,8,No
39,"April 11, 2022",WFH,No,No,Yes,Yes,No,Yes,No,Yes,No,Yes,Yes,7,No
39,"April 12, 2022",Unexpected ,No,No,Yes,Yes,No,Yes,No,No,Yes,Yes,Yes,7,No
39,"April 13, 2022",Feedback,No,No,Yes,No,No,Yes,No,Yes,No,Yes,Yes,8,No
39,"April 14, 2022",Allergy,No,Yes,Yes,Yes,No,Yes,No,Yes,Yes,Yes,Yes,8,No
39,"April 15, 2022",Sick,No,No,Yes,Yes,No,Yes,No,Yes,No,Yes,Yes,7,No
39,"April 16, 2022",Kitten,No,Yes,Yes,Yes,No,Yes,No,Yes,Yes,No,Yes,7,No
39,"April 17, 2022",Stourhead,Yes,Yes,Yes,No,Yes,Yes,No,Yes,No,Yes,Yes,9,No
40,"April 18, 2022",Recovery ,No,Yes,Yes,No,No,Yes,No,Yes,No,No,Yes,8,No
40,"April 19, 2022",Haircut ,No,No,Yes,Yes,No,Yes,No,Yes,Yes,Yes,No,8,No
40,"April 20, 2022",Edits,No,No,Yes,No,No,Yes,No,Yes,Yes,No,Yes,8,No
40,"April 21, 2022",Busy,No,No,Yes,Yes,No,Yes,No,Yes,No,No,Yes,,No
40,"April 22, 2022",Medium Raw,No,No,Yes,Yes,No,Yes,No,Yes,Yes,Yes,Yes,8,No
40,"April 23, 2022",Kinda sad,No,No,Yes,No,No,Yes,No,Yes,No,Yes,Yes,6,No
40,"April 24, 2022",Kinda stressed,Yes,No,Yes,No,Yes,Yes,No,Yes,Yes,Yes,Yes,7,No
41,"April 25, 2022",Alternatives,No,No,Yes,Yes,No,Yes,No,Yes,Yes,Yes,Yes,7,No
41,"April 26, 2022",Adrenaline,No,No,No,No,No,Yes,No,Yes,No,Yes,Yes,7,No
41,"April 27, 2022",Raindrops ,No,No,Yes,Yes,No,Yes,No,Yes,No,Yes,No,6,No
41,"April 28, 2022",Disssertationnn,No,Yes,Yes,No,No,Yes,No,Yes,Yes,Yes,Yes,8,No
41,"April 29, 2022",Cybercrime,No,No,Yes,No,No,Yes,No,Yes,No,Yes,Yes,6,No
41,"April 30, 2022",Pump Rooms,No,No,Yes,No,No,Yes,Yes,Yes,Yes,Yes,Yes,7,No
41,"May 1, 2022",Me Time,Yes,No,Yes,No,Yes,Yes,No,Yes,Yes,Yes,Yes,7,No
42,"May 2, 2022",Escape Hunt,No,No,Yes,Yes,Yes,Yes,No,Yes,No,Yes,Yes,8,No
42,"May 3, 2022",Dog walking ,No,No,Yes,Yes,Yes,Yes,Yes,Yes,Yes,No,Yes,8,No
42,"May 4, 2022",Anticipation,No,No,No,No,No,Yes,No,Yes,No,No,Yes,6,No
42,"May 5, 2022",Archimedes,No,No,No,No,No,Yes,No,Yes,No,Yes,Yes,8,No
42,"May 6, 2022",His Graduation,No,No,Yes,Yes,No,Yes,No,Yes,Yes,Yes,Yes,6,No
42,"May 7, 2022",His Birthday,No,No,Yes,Yes,No,Yes,No,Yes,Yes,No,No,9,No
42,"May 8, 2022",Peace,Yes,No,Yes,No,Yes,Yes,Yes,Yes,Yes,Yes,Yes,8,No
43,"May 9, 2022",Bittersweet Bloom,No,No,Yes,No,No,Yes,No,Yes,No,Yes,Yes,7,No
43,"May 10, 2022",Breakthroughs,No,No,Yes,Yes,No,Yes,No,Yes,No,Yes,Yes,7,No
43,"May 11, 2022",Solutions,No,No,Yes,No,No,Yes,No,Yes,No,Yes,Yes,7,No
43,"May 12, 2022",Petting Zoo,No,No,Yes,Yes,No,Yes,No,Yes,No,Yes,Yes,7,No
43,"May 13, 2022",Frome,No,No,Yes,No,No,Yes,No,Yes,Yes,Yes,Yes,9,No
43,"May 14, 2022",Dinner,No,No,Yes,Yes,No,Yes,No,Yes,No,Yes,No,6,No
43,"May 15, 2022",Track Changes,Yes,No,Yes,No,Yes,Yes,No,Yes,No,Yes,Yes,4,No
44,"May 16, 2022",Comments,No,Yes,Yes,Yes,Yes,Yes,No,Yes,No,Yes,Yes,7,No
44,"May 17, 2022",Last one,No,Yes,Yes,Yes,No,Yes,No,Yes,No,Yes,Yes,5,No
44,"May 18, 2022",Detox,No,No,Yes,Yes,No,Yes,No,Yes,Yes,Yes,Yes,7,No
44,"May 19, 2022",Bore,No,Yes,Yes,Yes,No,Yes,No,Yes,Yes,Yes,Yes,7,No
44,"May 20, 2022",Period,No,No,Yes,No,No,Yes,No,Yes,Yes,Yes,Yes,8,No
44,"May 21, 2022",Mind change,No,No,Yes,Yes,No,Yes,No,No,Yes,Yes,No,7,No
44,"May 22, 2022",Finale,Yes,No,Yes,No,Yes,Yes,No,Yes,No,Yes,Yes,7,No
45,"May 23, 2022",Celebrations,No,Yes,Yes,No,No,Yes,No,Yes,Yes,Yes,Yes,8,No
45,"May 24, 2022",Regrets,No,No,Yes,Yes,No,Yes,No,Yes,Yes,No,Yes,2,No
45,"May 25, 2022",Hibernation,No,No,No,No,No,Yes,No,No,No,No,No,6,No
45,"May 26, 2022",PicNic,No,No,Yes,No,No,Yes,No,Yes,Yes,Yes,No,7,No
45,"May 27, 2022",Plans,No,No,Yes,Yes,No,Yes,No,Yes,Yes,No,Yes,7,No
45,"May 28, 2022",Bathonian Dad,No,No,Yes,No,No,Yes,No,Yes,Yes,No,No,10,No
45,"May 29, 2022",Change of Plans,No,No,Yes,No,No,Yes,No,Yes,Yes,No,Yes,8,No
47,"May 30, 2022",Chef,No,No,Yes,No,No,Yes,No,Yes,Yes,Yes,Yes,8,No
47,"May 31, 2022",Ducks in Order,No,No,Yes,No,No,Yes,No,Yes,No,Yes,Yes,7,No
47,"June 1, 2022",Anaconda,No,No,Yes,Yes,No,Yes,No,Yes,No,Yes,Yes,6,No
47,"June 2, 2022",Laser Tag,No,No,Yes,No,Yes,Yes,No,Yes,Yes,Yes,Yes,10,No
47,"June 3, 2022",Summer Ball,No,No,Yes,No,No,Yes,No,Yes,No,Yes,Yes,8,No
47,"June 4, 2022",Pause,No,No,Yes,No,No,Yes,No,Yes,Yes,No,Yes,8,No
47,"June 5, 2022",Moldy Mushrooms,No,No,Yes,No,No,Yes,No,Yes,Yes,Yes,Yes,7,No
48,"June 6, 2022",Dentistry ,No,No,Yes,Yes,No,Yes,No,Yes,Yes,Yes,Yes,7,No
48,"June 7, 2022",Sick ,No,No,Yes,No,No,Yes,No,Yes,No,Yes,Yes,5,No
48,"June 8, 2022",Walkies ,No,No,Yes,No,Yes,Yes,No,Yes,Yes,Yes,Yes,10,No
48,"June 9, 2022",Police ,No,No,No,Yes,No,Yes,No,Yes,No,Yes,Yes,9,No
48,"June 10, 2022",Course: End of 47,Yes,No,Yes,Yes,Yes,Yes,No,Yes,Yes,Yes,Yes,8,No
48,"June 11, 2022",Brighton,No,Yes,No,No,No,Yes,No,Yes,Yes,No,Yes,10,No
48,"June 12, 2022",Sketched out,No,Yes,Yes,Yes,Yes,Yes,No,Yes,Yes,No,Yes,5,No
49,"June 13, 2022",Peace,No,No,Yes,No,No,Yes,No,Yes,No,Yes,Yes,7,No
49,"June 14, 2022",White Horse,No,No,Yes,No,No,Yes,No,Yes,No,Yes,Yes,8,No
49,"June 15, 2022",Start of 53 end,No,No,Yes,No,No,Yes,No,Yes,No,No,Yes,7,No
49,"June 16, 2022",The guys,No,No,Yes,Yes,No,Yes,No,Yes,No,No,Yes,7,No
49,"June 17, 2022",Warleigh Weir,No,Yes,Yes,No,No,Yes,No,Yes,Yes,No,No,8,No
49,"June 18, 2022",Rain,No,Yes,Yes,No,No,Yes,No,Yes,Yes,Yes,Yes,6,No
49,"June 19, 2022",Tears,No,No,Yes,No,No,Yes,No,Yes,No,Yes,Yes,6,No
50,"June 20, 2022", Sunglasses,No,No,Yes,No,No,Yes,No,Yes,No,Yes,Yes,10,No
50,"June 21, 2022",Cancellations,No,No,Yes,No,No,Yes,No,No,Yes,Yes,Yes,6,No
50,"June 22, 2022",Cleaning,No,No,Yes,Yes,No,Yes,No,Yes,Yes,Yes,Yes,7,No
50,"June 23, 2022",Alone,No,No,Yes,Yes,No,Yes,No,Yes,No,Yes,Yes,6,No
50,"June 24, 2022",Dread,No,No,Yes,Yes,No,Yes,No,Yes,Yes,Yes,Yes,3,No
50,"June 25, 2022",Reaching out,No,Yes,No,Yes,No,Yes,No,Yes,Yes,Yes,Yes,4,No
50,"June 26, 2022",Rainbow Woods,No,Yes,Yes,No,No,Yes,No,Yes,Yes,Yes,Yes,7,No
51,"June 27, 2022",Jaws,No,No,Yes,No,No,Yes,No,Yes,Yes,Yes,Yes,7,No
51,"June 28, 2022",Gym,Yes,No,Yes,No,Yes,Yes,No,Yes,No,No,Yes,7,No
51,"June 29, 2022",212 Steps,Yes,No,Yes,Yes,No,Yes,No,Yes,No,Yes,Yes,9,No
51,"June 30, 2022",Iford ,Yes,Yes,Yes,No,Yes,Yes,No,Yes,Yes,No,Yes,6,No
51,"July 1, 2022",Cruella,No,No,Yes,No,Yes,Yes,No,Yes,No,No,Yes,7,No
51,"July 2, 2022",Rootbound,No,No,Yes,No,No,Yes,No,Yes,No,Yes,Yes,6,No
51,"July 3, 2022",Plant Care Day,No,No,Yes,No,No,Yes,No,Yes,Yes,Yes,Yes,9,No
52,"July 4, 2022",CJ,No,No,Yes,No,Yes,Yes,No,Yes,Yes,Yes,Yes,8,No
52,"July 5, 2022",Kawaii Agency,No,No,Yes,Yes,Yes,Yes,No,Yes,No,Yes,Yes,6,No
52,"July 6, 2022",Bonfire jumping ,No,No,Yes,Yes,No,Yes,No,Yes,Yes,Yes,Yes,7,No
52,"July 7, 2022",Exhausted,No,No,Yes,No,No,Yes,No,Yes,No,Yes,Yes,7,No
52,"July 8, 2022",Viewing 99,No,No,Yes,Yes,No,Yes,No,Yes,Yes,Yes,Yes,7,No
52,"July 9, 2022",Rest Day,No,No,Yes,No,No,Yes,No,Yes,Yes,Yes,Yes,6,No
52,"July 10, 2022",Exmoor,No,Yes,No,Yes,No,Yes,No,Yes,No,No,Yes,9,No
53,"July 11, 2022",Waiting ,No,No,Yes,No,No,Yes,No,Yes,Yes,No,Yes,7,No
53,"July 12, 2022",Emotional Rollercoaster ,Yes,Yes,Yes,Yes,Yes,Yes,No,Yes,No,Yes,Yes,6,No
53,"July 13, 2022",Glasshouses,No,Yes,Yes,No,Yes,Yes,No,Yes,Yes,No,No,9,No
53,"July 14, 2022",Reset,No,No,Yes,No,No,Yes,No,Yes,Yes,Yes,Yes,6,No
53,"July 15, 2022",Match that energy,No,No,Yes,Yes,No,Yes,No,Yes,No,Yes,Yes,5,No
53,"July 16, 2022",Falling asleep,No,No,Yes,No,No,Yes,No,Yes,Yes,Yes,Yes,6,No
53,"July 17, 2022",Expectations,No,No,Yes,No,No,Yes,No,Yes,Yes,Yes,Yes,6,No
54,"July 18, 2022",Waking up,No,No,Yes,No,Yes,Yes,No,Yes,No,Yes,Yes,6,No
54,"July 19, 2022",Home-making,Yes,No,Yes,No,Yes,Yes,No,Yes,Yes,Yes,Yes,8,No
54,"July 20, 2022",Boxes,Yes,Yes,Yes,No,Yes,Yes,No,Yes,Yes,No,Yes,9,No
54,"July 21, 2022",Power up,No,Yes,Yes,No,Yes,Yes,No,Yes,Yes,Yes,Yes,7,No
54,"July 22, 2022",Graduation,No,Yes,Yes,No,No,No,No,Yes,Yes,No,Yes,10,No
54,"July 23, 2022",Beneath Opium,No,Yes,Yes,Yes,No,Yes,No,Yes,No,No,Yes,8,No
54,"July 24, 2022",Finale,No,No,Yes,No,No,Yes,No,No,No,No,No,7,No
55,"July 25, 2022",Space,No,No,Yes,No,No,Yes,No,No,Yes,No,Yes,6,No
55,"July 26, 2022",Disney,No,No,Yes,No,No,No,No,Yes,Yes,No,Yes,6,No
55,"July 27, 2022",Powering on,No,No,Yes,No,Yes,Yes,No,Yes,Yes,No,Yes,6,No
55,"July 28, 2022",Help,No,No,Yes,No,Yes,Yes,No,Yes,Yes,No,Yes,7,No
55,"July 29, 2022",SNapping out,No,No,Yes,No,No,No,No,Yes,Yes,No,Yes,7,No
55,"July 30, 2022",,No,No,No,No,No,Yes,No,Yes,No,No,Yes,5,No
55,"July 31, 2022",,No,No,Yes,No,No,Yes,No,Yes,No,Yes,Yes,,No
56,"August 1, 2022",Cleans ,No,Yes,Yes,No,No,Yes,No,Yes,No,No,Yes,5,No
56,"August 2, 2022",Time Out,No,Yes,Yes,No,No,No,No,Yes,Yes,No,Yes,5,No
56,"August 3, 2022",Keys,No,No,Yes,No,No,Yes,No,Yes,Yes,No,Yes,5,No
56,"August 4, 2022",Cotswalds,No,No,Yes,No,No,Yes,No,Yes,No,No,Yes,9,No
56,"August 5, 2022",Zonked,No,No,Yes,No,No,No,No,Yes,Yes,No,Yes,5,No
56,"August 6, 2022",Initiative,No,No,No,No,No,Yes,No,Yes,No,No,Yes,7,No
56,"August 7, 2022",Stonehenge,No,No,No,No,No,Yes,No,Yes,No,No,Yes,,No
57,"August 8, 2022",Is it another week?,No,No,Yes,No,No,Yes,No,Yes,No,No,Yes,5,No
57,"August 9, 2022",Helping out,No,No,Yes,No,No,No,No,Yes,No,No,Yes,5,No
57,"August 10, 2022",CAS,No,No,Yes,No,No,Yes,No,Yes,Yes,No,Yes,6,No
57,"August 11, 2022",Bowling,No,No,Yes,Yes,No,Yes,No,Yes,Yes,No,Yes,7,No
57,"August 12, 2022",NERFs,No,No,No,No,No,Yes,No,Yes,Yes,No,Yes,7,No
57,"August 13, 2022",Komedia,No,Yes,Yes,Yes,No,No,No,Yes,Yes,No,Yes,8,No
57,"August 14, 2022",BBQ,No,No,Yes,Yes,Yes,Yes,No,Yes,Yes,No,Yes,8,No
58,"August 15, 2022",Red flags,No,No,Yes,No,No,Yes,No,Yes,Yes,Yes,Yes,8,No
58,"August 16, 2022",Half done,No,No,No,No,No,No,No,No,No,No,No,7,No
58,"August 17, 2022",Surreal,No,No,No,No,No,No,No,No,No,No,No,9,No
58,"August 18, 2022",R√©fections ,No,No,Yes,Yes,No,Yes,No,Yes,No,No,Yes,7,No
58,"August 19, 2022",Paparazzi,No,No,Yes,Yes,No,Yes,No,Yes,Yes,Yes,Yes,8,No
58,"August 20, 2022",Booster ,Yes,No,Yes,Yes,No,Yes,No,Yes,Yes,Yes,Yes,7,No
58,"August 21, 2022",,No,No,No,No,No,Yes,No,Yes,No,No,Yes,,No
59,"August 22, 2022",Pivot ,No,No,Yes,No,No,Yes,No,No,No,Yes,Yes,7,No
59,"August 23, 2022",Email dive,No,No,Yes,No,No,Yes,No,Yes,No,Yes,Yes,7,No
59,"August 24, 2022",For me,Yes,No,Yes,Yes,No,Yes,No,Yes,Yes,Yes,Yes,7,No
59,"August 25, 2022",VISA,No,No,Yes,Yes,No,Yes,No,Yes,Yes,Yes,Yes,7,No
59,"August 26, 2022",7-11,No,No,Yes,Yes,No,Yes,No,Yes,No,Yes,Yes,6,No
59,"August 27, 2022",Showers,No,No,Yes,No,No,Yes,No,No,Yes,Yes,Yes,8,No
59,"August 28, 2022",Double Sleepover ,No,No,Yes,Yes,No,Yes,No,Yes,Yes,Yes,Yes,10,No
60,"August 29, 2022",In the moment ,No,No,No,Yes,No,Yes,No,Yes,Yes,Yes,Yes,6,No
60,"August 30, 2022",Hold,No,No,Yes,No,No,Yes,No,No,Yes,Yes,Yes,4,No
60,"August 31, 2022",Ganesha,No,No,Yes,Yes,No,Yes,No,Yes,No,Yes,Yes,7,No
60,"September 1, 2022",Kenilworth Castle,No,No,Yes,Yes,No,Yes,No,Yes,Yes,Yes,Yes,10,No
60,"September 2, 2022",Naps,No,No,Yes,No,No,Yes,No,Yes,Yes,Yes,Yes,6,No
60,"September 3, 2022",Instant home,No,No,Yes,No,No,Yes,No,Yes,Yes,No,Yes,6,No
60,"September 4, 2022",,No,No,No,No,No,No,No,No,No,No,No,,No
61,"September 5, 2022",Stall,No,No,Yes,No,No,Yes,No,Yes,Yes,Yes,Yes,6,No
61,"September 6, 2022",BRP,No,No,Yes,No,No,No,No,Yes,Yes,Yes,Yes,5,No
61,"September 7, 2022",Fever,No,No,Yes,No,No,Yes,No,Yes,Yes,Yes,Yes,4,No
61,"September 8, 2022",Herpangina,Yes,No,Yes,Yes,No,Yes,No,Yes,No,Yes,Yes,5,No
61,"September 9, 2022",BRP,No,No,No,No,No,No,No,No,No,Yes,Yes,8,No
61,"September 10, 2022",Reboot,No,No,Yes,No,No,Yes,No,Yes,No,Yes,Yes,7,No
61,"September 11, 2022",Prathit! ,No,No,Yes,No,No,Yes,No,Yes,No,No,Yes,8,No
62,"September 12, 2022",First Visit,No,No,Yes,No,No,Yes,No,Yes,Yes,Yes,Yes,7,No
62,"September 13, 2022",Laser Tag winner,No,No,Yes,Yes,Yes,Yes,No,Yes,No,Yes,Yes,7,No
62,"September 14, 2022",Flight,No,No,Yes,No,No,Yes,No,Yes,No,Yes,Yes,7,No
62,"September 15, 2022",Arrivals ,No,No,Yes,No,No,Yes,No,Yes,Yes,Yes,No,6,No
62,"September 16, 2022",Trees ,Yes,No,No,No,No,Yes,No,No,Yes,Yes,Yes,5,No
62,"September 17, 2022",Earthquake ,Yes,No,Yes,Yes,No,Yes,No,No,Yes,Yes,Yes,4,No
62,"September 18, 2022",Love and fear,No,No,No,Yes,No,Yes,No,No,Yes,Yes,Yes,6,No
63,"September 19, 2022",Âè∞ÂçóÂÆâÂπ≥Ê†ëÂ±ã,Yes,No,Yes,No,No,Yes,Yes,Yes,Yes,Yes,Yes,9,No
63,"September 20, 2022",Piles,Yes,Yes,Yes,Yes,No,Yes,Yes,Yes,Yes,No,Yes,5,No
63,"September 21, 2022",Generations ,No,No,Yes,No,No,Yes,Yes,Yes,Yes,Yes,Yes,7,No
63,"September 22, 2022",Stress,No,No,Yes,No,No,Yes,Yes,Yes,Yes,Yes,Yes,4,No
63,"September 23, 2022",Architects,Yes,No,No,No,No,Yes,No,Yes,Yes,Yes,Yes,5,No
63,"September 24, 2022",Doctors,No,No,Yes,No,No,Yes,Yes,Yes,Yes,Yes,Yes,5,No
63,"September 25, 2022",Drones and Guilt,No,No,Yes,Yes,No,Yes,No,Yes,Yes,No,Yes,7,No
64,"September 26, 2022",Surf,No,No,Yes,Yes,Yes,Yes,Yes,Yes,Yes,Yes,No,8,No
64,"September 27, 2022",FPV,No,No,Yes,Yes,Yes,Yes,Yes,Yes,Yes,Yes,Yes,8,No
64,"September 28, 2022",Transfers,No,No,Yes,No,Yes,Yes,Yes,Yes,Yes,Yes,Yes,7,No
64,"September 29, 2022",Teppanyaki,No,No,No,Yes,Yes,Yes,Yes,Yes,Yes,Yes,Yes,7,No
64,"September 30, 2022",Four Years,No,No,No,Yes,No,Yes,No,Yes,Yes,No,No,8,No
64,"October 1, 2022",Property,No,No,Yes,No,No,Yes,Yes,Yes,Yes,No,No,7,No
64,"October 2, 2022",Returns,No,Yes,No,Yes,No,Yes,Yes,Yes,Yes,Yes,No,6,No
65,"October 3, 2022",24 hours,No,Yes,No,Yes,Yes,Yes,Yes,Yes,Yes,Yes,No,7,No
65,"October 4, 2022",Demands,No,Yes,Yes,No,No,No,No,Yes,Yes,Yes,Yes,6,No
65,"October 5, 2022",First day,Yes,Yes,Yes,No,No,Yes,Yes,Yes,No,Yes,Yes,7,No
65,"October 6, 2022",Swollen,Yes,Yes,Yes,Yes,No,Yes,Yes,Yes,No,Yes,Yes,6,No
65,"October 7, 2022",Pinpoint,Yes,Yes,Yes,Yes,No,Yes,Yes,Yes,No,Yes,Yes,5,No
65,"October 8, 2022",Chances,Yes,Yes,Yes,Yes,No,Yes,Yes,Yes,No,Yes,Yes,7,No
65,"October 9, 2022",Miso Butter,Yes,No,Yes,Yes,No,Yes,Yes,Yes,No,Yes,Yes,7,No
66,"October 10, 2022",People! ,Yes,Yes,Yes,Yes,No,Yes,Yes,Yes,No,Yes,Yes,9,No
66,"October 11, 2022",Apples and hot choco,Yes,No,Yes,Yes,No,Yes,Yes,Yes,No,Yes,Yes,7,No
66,"October 12, 2022",Overload,Yes,Yes,No,Yes,No,Yes,Yes,Yes,Yes,Yes,Yes,7,No
66,"October 13, 2022",RSS,Yes,No,Yes,Yes,No,Yes,Yes,Yes,No,Yes,Yes,6,No
66,"October 14, 2022",Allotment Soc,Yes,No,Yes,Yes,No,Yes,Yes,Yes,Yes,Yes,Yes,7,No
66,"October 15, 2022",Initiation,Yes,No,No,Yes,No,Yes,No,Yes,Yes,Yes,Yes,7,No
66,"October 16, 2022",Birmingham Kovalenko ,Yes,No,Yes,Yes,No,Yes,Yes,Yes,Yes,Yes,Yes,8,No
67,"October 17, 2022",Final Interview,Yes,No,No,Yes,No,Yes,Yes,Yes,No,Yes,Yes,10,No
67,"October 18, 2022",Breakthroughs,Yes,No,Yes,Yes,No,Yes,Yes,Yes,Yes,Yes,Yes,8,No
67,"October 19, 2022",Allotment Frog,Yes,No,Yes,Yes,No,Yes,Yes,Yes,No,Yes,Yes,6,No
67,"October 20, 2022",Apurva Balance,Yes,No,Yes,Yes,No,Yes,Yes,Yes,No,Yes,Yes,7,No
67,"October 21, 2022",Miso Pumpkin Dinner,Yes,No,Yes,Yes,No,Yes,Yes,Yes,No,Yes,Yes,7,No
67,"October 22, 2022",Milton Keynes,Yes,No,Yes,Yes,No,Yes,No,Yes,Yes,Yes,Yes,8,No
67,"October 23, 2022",Cross Rail Garden rains,No,No,Yes,No,No,No,No,Yes,Yes,No,Yes,8,No
68,"October 24, 2022",Diwali,No,No,No,Yes,No,Yes,No,Yes,Yes,No,Yes,7,No
68,"October 25, 2022",Habit Weekly Content,No,No,Yes,No,No,No,No,Yes,Yes,No,Yes,8,No
68,"October 26, 2022",Skip,Yes,No,Yes,Yes,No,Yes,No,Yes,Yes,Yes,Yes,9,No
68,"October 27, 2022",WBIT,Yes,No,No,Yes,No,Yes,Yes,Yes,Yes,No,Yes,7,No
68,"October 28, 2022",HW & WBIT Social!,No,No,Yes,No,No,No,No,No,No,No,No,8,No
68,"October 29, 2022",Tension,No,No,Yes,No,No,Yes,No,Yes,Yes,No,No,6,No
68,"October 30, 2022",Personally disappointing?,Yes,No,Yes,Yes,Yes,Yes,Yes,Yes,Yes,Yes,Yes,7,No
69,"October 31, 2022",Dilip Soman,Yes,No,Yes,Yes,No,Yes,Yes,Yes,Yes,Yes,Yes,9,No
69,"November 1, 2022",Tonelli‚Äôs,Yes,No,Yes,Yes,No,Yes,Yes,Yes,No,Yes,Yes,9,No
69,"November 2, 2022",Charger,Yes,Yes,Yes,Yes,No,Yes,Yes,Yes,No,Yes,Yes,10,No
69,"November 3, 2022",Morning Run,No,Yes,Yes,Yes,Yes,Yes,Yes,Yes,No,Yes,Yes,9,No
69,"November 4, 2022",Alia,No,No,Yes,Yes,No,Yes,Yes,Yes,No,No,Yes,9,No
69,"November 5, 2022",Ciders,No,No,Yes,No,No,Yes,Yes,Yes,No,Yes,Yes,7,No
69,"November 6, 2022",Matrix,No,No,Yes,Yes,No,Yes,No,No,No,Yes,Yes,7,No
70,"November 7, 2022",Not alone,No,No,No,Yes,No,Yes,No,Yes,Yes,Yes,No,7,No
70,"November 8, 2022",,No,No,No,No,No,No,No,No,No,No,No,,No
70,"November 9, 2022",,No,No,No,No,No,No,No,No,No,No,No,,No
70,"November 10, 2022",,No,No,No,No,No,No,No,No,No,No,No,,No
70,"November 11, 2022",,No,No,No,No,No,No,No,No,No,No,No,,No
70,"November 12, 2022",,No,No,No,No,No,No,No,No,No,No,No,,No
70,"November 13, 2022",,No,No,No,No,No,No,No,No,No,No,No,,No
71,"November 14, 2022",Audacity,No,No,No,No,No,No,No,No,Yes,No,No,7,No
71,"November 15, 2022",Deadline,No,No,No,No,No,No,No,Yes,Yes,No,No,4,No
71,"November 16, 2022",Leader,No,No,No,No,No,No,No,Yes,Yes,No,No,10,No
71,"November 17, 2022",D,No,No,No,No,No,No,No,Yes,Yes,No,No,4,No
71,"November 18, 2022",Beige coat,Yes,No,No,No,No,No,No,Yes,Yes,No,No,6,No
71,"November 19, 2022",Dosa,No,Yes,No,No,No,No,No,Yes,No,No,No,8,No
71,"November 20, 2022",Progress,No,No,Yes,No,No,No,No,Yes,No,No,No,6,No
72,"November 21, 2022",Waiting,No,No,No,Yes,No,No,No,Yes,No,Yes,Yes,6,No
72,"November 22, 2022",Algos,No,No,No,No,No,No,No,Yes,No,No,Yes,8,No
72,"November 23, 2022",Hot Pot,No,No,No,No,No,No,No,Yes,Yes,No,Yes,9,No
72,"November 24, 2022",Prathit,No,No,No,No,No,No,No,Yes,Yes,No,Yes,6,No
72,"November 25, 2022",Khush,Yes,No,No,No,No,No,No,Yes,Yes,No,Yes,7,No
72,"November 26, 2022",Rowan,Yes,No,Yes,Yes,No,Yes,Yes,Yes,No,Yes,Yes,8,No
72,"November 27, 2022",Wednesday,Yes,No,Yes,Yes,No,Yes,Yes,Yes,Yes,Yes,No,7,No
73,"November 28, 2022",Wednesday,Yes,No,Yes,No,No,No,No,Yes,Yes,Yes,No,7,No
73,"November 29, 2022",Gym,No,Yes,No,No,No,No,Yes,Yes,Yes,Yes,No,6,No
73,"November 30, 2022",Confrontation,No,No,No,Yes,No,No,No,Yes,No,No,No,4,No
73,"December 1, 2022",Chicken Eggs,No,No,No,No,No,No,No,Yes,No,No,No,8,No
73,"December 2, 2022",Dosa,No,No,Yes,No,No,Yes,No,Yes,No,No,No,5,No
73,"December 3, 2022",Articulate,No,No,Yes,No,No,No,No,Yes,Yes,No,No,8,No
73,"December 4, 2022",37,No,No,Yes,Yes,No,No,No,Yes,Yes,No,No,4,No
74,"December 5, 2022",60,No,No,No,No,No,No,No,Yes,No,No,No,4,No
74,"December 6, 2022",19,No,No,No,No,No,No,No,Yes,No,No,No,6,No
74,"December 7, 2022",,No,No,No,No,No,No,No,Yes,No,No,No,,No
74,"December 8, 2022",They,No,No,No,No,No,No,Yes,Yes,Yes,No,No,6,No
74,"December 9, 2022",Agentina,No,No,No,No,No,Yes,No,Yes,No,No,No,8,No
74,"December 10, 2022",networks,No,No,Yes,No,No,No,No,Yes,No,No,Yes,8,No
74,"December 11, 2022",Flight ,No,No,Yes,No,No,No,No,Yes,Yes,No,Yes,7,No
75,"December 12, 2022",Istanbul,No,No,No,No,No,No,No,Yes,No,No,No,4,No
75,"December 13, 2022",Antalya,No,No,No,No,No,No,No,Yes,No,No,No,4,No
75,"December 14, 2022",8am,No,No,No,No,No,No,No,Yes,Yes,No,No,3,No
75,"December 15, 2022",Pepper shrimp,No,No,Yes,No,No,No,No,Yes,Yes,No,No,9,No
75,"December 16, 2022",Winter Lovers,No,No,Yes,No,No,No,No,Yes,Yes,No,No,6,No
75,"December 17, 2022",Hearing me,No,No,No,No,No,No,No,Yes,Yes,Yes,No,4,No
75,"December 18, 2022",Sleep,No,No,Yes,No,No,No,No,No,Yes,Yes,No,4,No
76,"December 19, 2022",Identical,No,No,Yes,No,No,No,No,Yes,Yes,Yes,No,5,No
76,"December 20, 2022",Ari,No,No,Yes,No,No,No,Yes,Yes,Yes,Yes,No,7,No
76,"December 21, 2022",Trachea ,No,No,Yes,No,No,No,Yes,Yes,Yes,Yes,No,7,No
76,"December 22, 2022",Bulldog,No,No,Yes,No,Yes,No,Yes,Yes,Yes,Yes,Yes,5,No
76,"December 23, 2022",Theatre,No,No,Yes,No,Yes,No,Yes,Yes,Yes,No,Yes,6,No
76,"December 24, 2022",Offgrid,No,No,Yes,No,No,No,No,Yes,Yes,No,No,5,No
76,"December 25, 2022",Pantry,No,No,Yes,No,No,No,No,Yes,Yes,Yes,No,5,No
77,"December 26, 2022",Reboot,No,No,Yes,No,Yes,No,Yes,Yes,Yes,No,Yes,7,No
77,"December 27, 2022",Groomers,No,No,Yes,No,No,No,Yes,Yes,Yes,No,Yes,7,No
77,"December 28, 2022",Pottery,No,No,Yes,No,No,No,Yes,Yes,Yes,No,Yes,8,No
77,"December 29, 2022",Malverns,No,No,Yes,No,No,No,Yes,Yes,Yes,No,Yes,7,No
77,"December 30, 2022",Preps,No,No,Yes,No,No,No,No,Yes,Yes,No,No,6,No
77,"December 31, 2022",Men,No,No,Yes,No,No,No,Yes,Yes,Yes,No,Yes,8,No
77,"January 1, 2023",Rimma,No,No,Yes,No,No,No,No,Yes,Yes,No,Yes,9,No
78,"January 2, 2023",Rabit,No,No,Yes,No,No,No,No,Yes,No,No,No,6,No
78,"January 3, 2023",Loshadki,No,No,Yes,No,No,No,Yes,Yes,No,No,No,7,No
78,"January 4, 2023",Mugs,No,No,Yes,No,No,No,No,Yes,No,No,No,7,No
78,"January 5, 2023",Outlet,No,No,Yes,No,No,No,Yes,Yes,Yes,No,No,5,No
78,"January 6, 2023",Pedal,No,No,Yes,No,No,No,No,Yes,Yes,No,No,6,No
78,"January 7, 2023",KRUG,No,No,Yes,No,No,No,Yes,Yes,Yes,No,No,7,No
78,"January 8, 2023",Yummy and thats it,No,No,Yes,No,No,No,No,Yes,Yes,No,No,6,No
79,"January 9, 2023",Back,No,No,Yes,No,No,No,No,Yes,Yes,No,Yes,6,No
79,"January 10, 2023",Pillowcase,No,No,No,No,No,No,No,Yes,No,No,Yes,7,No
79,"January 11, 2023",Busses,No,Yes,Yes,No,No,No,No,Yes,Yes,No,Yes,6,No
79,"January 12, 2023",Teas ,Yes,No,Yes,No,No,No,No,Yes,Yes,No,Yes,8,No
79,"January 13, 2023",Mantra,No,No,Yes,No,No,No,Yes,Yes,Yes,No,Yes,8,No
79,"January 14, 2023",Cider house,No,No,Yes,No,No,No,No,Yes,Yes,No,No,7,No
79,"January 15, 2023",Gaybar,No,No,Yes,No,No,No,Yes,Yes,Yes,No,Yes,6,No
80,"January 16, 2023",Pulling,Yes,No,No,No,No,No,Yes,Yes,Yes,No,Yes,8,No
80,"January 17, 2023",,No,No,No,No,No,No,No,No,No,No,No,,No
80,"January 18, 2023",Leamington Thai,No,No,No,No,No,No,Yes,Yes,No,No,Yes,7,No
80,"January 19, 2023",Slaughter,Yes,No,Yes,Yes,No,No,Yes,Yes,Yes,No,Yes,3,No
80,"January 20, 2023",Gang Bhattacharya,No,No,Yes,Yes,No,No,No,Yes,Yes,No,Yes,5,No
80,"January 21, 2023",Birmingham ,No,No,Yes,No,No,No,Yes,Yes,Yes,No,Yes,7,No
80,"January 22, 2023",Special Issue,No,No,Yes,No,No,No,Yes,Yes,No,No,Yes,10,No
81,"January 23, 2023",Calm,No,No,No,No,No,No,No,Yes,No,No,Yes,5,No
81,"January 24, 2023",Last day,No,No,No,No,No,No,No,Yes,No,No,Yes,5,No
81,"January 25, 2023",Laser Tag,No,No,Yes,No,No,No,No,Yes,Yes,No,Yes,10,No
81,"January 26, 2023",Pains,No,No,No,No,No,No,No,Yes,Yes,No,Yes,5,No
81,"January 27, 2023",Miracles,No,No,No,No,No,No,No,Yes,Yes,No,Yes,8,No
81,"January 28, 2023",Jacuzzi,No,No,No,No,No,No,No,Yes,Yes,No,Yes,9,No
81,"January 29, 2023",Homecoming,No,Yes,No,No,No,No,No,Yes,Yes,No,Yes,7,No
82,"January 30, 2023",Trust,No,No,Yes,No,No,No,Yes,Yes,Yes,No,Yes,4,No
82,"January 31, 2023",Innovia,Yes,No,No,No,Yes,No,Yes,Yes,Yes,No,Yes,5,No
82,"February 1, 2023",Plants,Yes,Yes,Yes,No,No,No,Yes,Yes,Yes,No,Yes,6,No
82,"February 2, 2023",Almost,Yes,No,Yes,No,No,No,Yes,Yes,Yes,No,Yes,6,No
82,"February 3, 2023",Closer,No,No,Yes,No,No,No,Yes,Yes,No,No,Yes,8,No
82,"February 4, 2023",Fantastic Mr fox,No,No,Yes,No,Yes,No,Yes,Yes,No,Yes,No,7,No
86,"February 5, 2023",Lithium fire,No,No,No,No,No,No,Yes,Yes,Yes,No,Yes,5,No
82,"February 5, 2023",Whirlwind,Yes,No,Yes,No,No,No,Yes,Yes,Yes,Yes,Yes,7,No
83,"February 6, 2023",Mahathi,Yes,No,No,No,No,No,Yes,Yes,Yes,Yes,Yes,8,No
83,"February 7, 2023",Trains,Yes,No,Yes,No,No,No,Yes,Yes,Yes,No,Yes,6,No
83,"February 8, 2023",dethroned,Yes,No,Yes,Yes,No,No,Yes,Yes,Yes,No,Yes,4,No
83,"February 9, 2023",Siesta,No,No,Yes,No,Yes,No,Yes,Yes,Yes,No,Yes,5,No
83,"February 10, 2023",Board game naps,No,No,Yes,No,Yes,No,Yes,Yes,Yes,No,Yes,6,No
83,"February 11, 2023",PCA ,No,No,Yes,No,No,No,Yes,No,Yes,Yes,Yes,8,No
83,"February 12, 2023",EDIT STAGE ,No,No,Yes,No,No,No,No,Yes,Yes,No,No,8,No
84,"February 13, 2023",Chaos,No,No,Yes,No,No,No,Yes,Yes,No,No,Yes,6,No
84,"February 14, 2023",Valentine‚Äôs,No,No,No,No,No,No,Yes,Yes,Yes,No,No,7,No
84,"February 15, 2023",Meetings,No,No,No,No,No,No,No,Yes,Yes,No,Yes,9,No
84,"February 16, 2023",Bookings,No,No,Yes,No,No,No,No,Yes,Yes,No,Yes,6,No
84,"February 17, 2023","30,000",No,No,Yes,No,Yes,No,No,Yes,Yes,Yes,Yes,9,No
84,"February 18, 2023",Crow friend,No,No,Yes,No,Yes,No,No,Yes,Yes,Yes,Yes,10,No
84,"February 19, 2023",Impatience,No,No,No,No,No,No,Yes,Yes,Yes,Yes,Yes,4,No
85,"February 20, 2023",Tired,No,No,Yes,No,No,No,No,Yes,No,No,Yes,6,No
85,"February 21, 2023",Hats,No,No,Yes,No,No,No,Yes,Yes,Yes,No,Yes,6,No
85,"February 22, 2023",To the Lake,No,No,Yes,No,No,No,Yes,Yes,Yes,No,Yes,8,No
85,"February 23, 2023",Taxi Nightmare,No,No,Yes,No,No,No,Yes,Yes,Yes,No,Yes,4,No
85,"February 24, 2023",Relief,No,No,Yes,No,No,No,Yes,Yes,Yes,No,Yes,7,No
85,"February 25, 2023",Peak,No,Yes,No,No,Yes,No,No,Yes,Yes,No,Yes,6,No
85,"February 26, 2023",Addiction,No,No,Yes,No,No,No,No,Yes,Yes,No,Yes,6,No
86,"February 27, 2023",Drugs are bad,No,No,No,No,No,No,Yes,Yes,Yes,No,No,6,No
86,"February 28, 2023",Restart?,No,No,No,No,No,No,Yes,Yes,Yes,No,Yes,7,No
86,"March 1, 2023",Bedtime boundaries,No,No,No,No,No,No,Yes,Yes,Yes,No,Yes,7,No
86,"March 2, 2023",Detour,No,No,Yes,No,No,No,Yes,Yes,Yes,No,Yes,7,No
86,"March 3, 2023",Edinbrugh,No,No,Yes,Yes,No,No,Yes,Yes,Yes,No,Yes,8,No
86,"March 4, 2023",Intensive ,No,No,No,Yes,No,No,Yes,Yes,Yes,No,Yes,7,No
87,"March 6, 2023",Healing,No,No,Yes,No,No,No,Yes,Yes,Yes,No,Yes,6,No
87,"March 7, 2023",Posters,No,No,Yes,No,No,No,Yes,Yes,Yes,No,Yes,6,No
87,"March 8, 2023",Friendships,No,No,Yes,No,No,No,Yes,Yes,Yes,No,Yes,7,No
87,"March 9, 2023",Stressing,No,No,Yes,No,No,No,No,Yes,Yes,No,Yes,6,No
87,"March 10, 2023",Potluck,No,No,No,No,No,No,Yes,Yes,Yes,No,Yes,8,No
87,"March 11, 2023",Southgate,No,No,No,No,No,No,No,Yes,Yes,No,Yes,8,No
87,"March 12, 2023",Productivity,No,No,No,No,No,No,Yes,Yes,Yes,No,Yes,8,No
88,"March 13, 2023",Power panic discovery,No,No,Yes,No,No,No,Yes,Yes,Yes,No,Yes,7,No
88,"March 14, 2023",Tea,No,No,Yes,No,No,No,Yes,Yes,Yes,No,Yes,7,No
88,"March 15, 2023",Surprise Bath,No,No,Yes,No,No,No,Yes,Yes,Yes,No,Yes,8,No
88,"March 16, 2023",Low energy,No,Yes,Yes,No,No,No,Yes,Yes,Yes,No,Yes,4,No
88,"March 17, 2023",Hazel,No,No,Yes,No,No,No,No,Yes,Yes,No,Yes,5,No
88,"March 18, 2023",Slug,No,No,Yes,No,No,No,No,Yes,Yes,Yes,Yes,6,No
88,"March 19, 2023",Sacrifices,No,No,Yes,No,No,No,No,Yes,Yes,No,No,7,No
89,"March 20, 2023",Returns,No,No,No,No,No,No,No,Yes,Yes,No,Yes,7,No
89,"March 21, 2023",Careers Fair,No,Yes,No,No,No,No,No,Yes,Yes,No,No,8,No
89,"March 22, 2023",Blue Look,No,No,No,No,No,No,No,Yes,Yes,No,Yes,7,No
89,"March 23, 2023",Dubai,Yes,Yes,No,No,No,No,No,Yes,Yes,No,No,5,No
89,"March 24, 2023",Defused,Yes,Yes,Yes,No,No,No,No,Yes,Yes,No,Yes,7,No
89,"March 25, 2023",Clubbing,No,No,No,No,No,No,No,Yes,Yes,No,Yes,9,No
89,"March 26, 2023",Property,No,No,No,No,No,No,No,Yes,Yes,No,Yes,7,No
90,"March 27, 2023",homeowner ,No,Yes,No,No,No,No,No,Yes,Yes,No,Yes,8,No
90,"March 28, 2023",Johor ,No,Yes,No,No,No,No,No,Yes,Yes,No,Yes,7,No
90,"March 29, 2023",Expectations ,No,Yes,No,No,No,No,No,Yes,Yes,No,Yes,6,No
90,"March 30, 2023",Rachael! ,No,No,No,No,Yes,No,No,Yes,Yes,No,Yes,8,No
90,"March 31, 2023",Second breakfast,No,No,No,No,No,No,No,Yes,Yes,No,Yes,7,No
90,"April 1, 2023",Melacca,Yes,Yes,No,Yes,No,Yes,No,Yes,Yes,Yes,Yes,8,No
90,"April 2, 2023",Rest,No,No,No,No,No,Yes,Yes,Yes,Yes,No,Yes,8,No
91,"April 3, 2023",Deluxe,Yes,No,No,No,No,Yes,Yes,Yes,Yes,Yes,Yes,8,No
91,"April 4, 2023",One more down,No,No,No,No,No,Yes,Yes,Yes,Yes,Yes,Yes,8,No
91,"April 5, 2023",Triple phone,No,No,No,Yes,No,Yes,Yes,Yes,Yes,No,Yes,6,No
91,"April 6, 2023",Bigger person,Yes,Yes,No,Yes,No,No,Yes,Yes,Yes,Yes,Yes,4,No
91,"April 7, 2023",Recovery,No,No,Yes,No,No,No,No,Yes,Yes,Yes,Yes,7,No
91,"April 8, 2023",Gymtime,No,Yes,Yes,No,Yes,No,No,Yes,Yes,Yes,Yes,7,No
91,"April 9, 2023",On a roll,No,No,Yes,No,Yes,No,No,Yes,Yes,Yes,Yes,7,Yes
92,"April 10, 2023",Blueberry Cloud,No,No,Yes,No,Yes,Yes,Yes,Yes,Yes,Yes,Yes,7,Yes
92,"April 11, 2023",Continuation,No,No,Yes,No,No,Yes,Yes,No,No,Yes,Yes,7,No
92,"April 12, 2023",Fireeee,Yes,No,Yes,No,No,Yes,Yes,Yes,Yes,Yes,Yes,8,No
92,"April 13, 2023",Sarah,No,Yes,Yes,No,No,Yes,Yes,Yes,Yes,Yes,Yes,7,No
92,"April 14, 2023",Foggy rain,No,Yes,Yes,Yes,Yes,Yes,Yes,Yes,Yes,Yes,Yes,5,No
92,"April 15, 2023",Promises,No,No,Yes,No,Yes,Yes,Yes,Yes,Yes,Yes,Yes,7,No
92,"April 16, 2023",Togetherness,No,No,Yes,No,No,No,Yes,Yes,No,Yes,Yes,6,No
93,"April 17, 2023",Lows,No,Yes,No,No,No,No,Yes,Yes,Yes,Yes,Yes,3,Yes
93,"April 18, 2023",Scavenger,No,No,Yes,No,No,No,Yes,No,Yes,Yes,Yes,4,No
93,"April 19, 2023",Unclench,No,No,No,No,No,No,Yes,No,Yes,No,Yes,4,No
93,"April 20, 2023",Deer,No,No,Yes,No,No,No,Yes,Yes,Yes,Yes,Yes,8,No
93,"April 21, 2023",Trains,No,No,No,No,Yes,No,Yes,Yes,Yes,Yes,Yes,7,Yes
93,"April 22, 2023",Roy,No,No,Yes,No,No,No,Yes,Yes,Yes,Yes,Yes,8,No
93,"April 23, 2023",Talks,No,No,Yes,No,No,No,Yes,Yes,Yes,Yes,Yes,7,No
94,"April 24, 2023",Slower,No,No,Yes,No,No,Yes,Yes,Yes,Yes,Yes,Yes,6,No
94,"April 25, 2023",Refresh,No,No,No,No,Yes,No,No,Yes,No,Yes,Yes,6,Yes
94,"April 26, 2023",Revision,Yes,No,Yes,No,No,No,Yes,Yes,No,Yes,Yes,7,No
94,"April 27, 2023",Boulders,No,No,Yes,Yes,Yes,Yes,Yes,Yes,Yes,Yes,Yes,7,No
94,"April 28, 2023",Priorities,No,No,Yes,No,No,No,Yes,Yes,Yes,Yes,Yes,6,Yes
94,"April 29, 2023",Revision ,No,No,Yes,No,No,Yes,Yes,Yes,Yes,Yes,Yes,7,No
94,"April 30, 2023",Discouraging,No,No,Yes,No,No,Yes,Yes,Yes,Yes,Yes,Yes,6,No
95,"May 1, 2023",Trains,No,No,Yes,No,No,No,Yes,Yes,Yes,Yes,Yes,8,No
95,"May 2, 2023",Tea time,No,No,Yes,No,No,Yes,Yes,No,Yes,Yes,Yes,8,No
95,"May 3, 2023",MATHSSS,No,No,Yes,No,Yes,Yes,Yes,Yes,Yes,Yes,Yes,8,Yes
95,"May 4, 2023",Go go ,No,No,Yes,No,No,Yes,Yes,Yes,Yes,Yes,Yes,7,Yes
95,"May 5, 2023",Thai dinner,No,No,Yes,No,No,Yes,Yes,Yes,Yes,Yes,Yes,6,No
95,"May 6, 2023",Birthday ,No,No,Yes,No,No,Yes,Yes,Yes,Yes,Yes,Yes,8,No
95,"May 7, 2023",Birthday 2,No,No,Yes,No,No,Yes,Yes,Yes,Yes,No,Yes,9,No
96,"May 8, 2023",ill ,No,No,Yes,No,No,Yes,Yes,Yes,Yes,No,Yes,5,No
96,"May 9, 2023",Mandarin,No,No,Yes,No,No,No,Yes,Yes,No,No,No,7,No
96,"May 10, 2023",Petting zoo,No,No,Yes,No,No,Yes,Yes,Yes,No,Yes,Yes,7,Yes
96,"May 11, 2023",Sick,No,No,Yes,No,No,Yes,Yes,No,No,Yes,Yes,4,No
96,"May 12, 2023",Tired,No,No,Yes,No,No,Yes,Yes,No,Yes,Yes,No,5,No
96,"May 13, 2023",Maps,No,No,Yes,No,No,No,No,No,Yes,No,No,6,Yes
96,"May 14, 2023",Liftoff,Yes,No,Yes,No,No,No,No,Yes,No,No,No,7,Yes
97,"May 15, 2023",Part of the process,No,Yes,No,No,No,Yes,Yes,Yes,Yes,No,Yes,8,No
97,"May 16, 2023",Beetroot,No,No,Yes,No,No,Yes,Yes,Yes,No,No,Yes,7,No
97,"May 17, 2023",Powerhouse,No,No,Yes,Yes,No,Yes,Yes,Yes,No,No,Yes,7,No
97,"May 18, 2023",Start,Yes,No,Yes,Yes,No,Yes,Yes,Yes,No,No,Yes,7,No
97,"May 19, 2023",Bedtime prime,No,No,Yes,Yes,Yes,Yes,Yes,Yes,No,Yes,Yes,7,No
97,"May 20, 2023",Stratford,No,Yes,No,Yes,No,Yes,Yes,Yes,Yes,Yes,Yes,6,No
97,"May 21, 2023",Turbo,No,No,Yes,No,No,Yes,Yes,Yes,Yes,Yes,Yes,7,No
98,"May 22, 2023",Go go go,No,No,Yes,No,No,Yes,Yes,Yes,Yes,Yes,Yes,7,No
98,"May 23, 2023",Awaiting ,No,No,Yes,No,No,Yes,No,Yes,No,Yes,Yes,6,No
98,"May 24, 2023",Hearts,No,No,Yes,No,No,No,No,Yes,No,No,Yes,8,No
98,"May 25, 2023",unfair,No,No,Yes,No,No,No,No,Yes,No,No,Yes,5,No
98,"May 26, 2023",Suns,No,Yes,Yes,No,No,No,No,Yes,Yes,No,Yes,8,No
98,"May 27, 2023",Tradescantia ,No,No,Yes,No,No,No,No,Yes,No,No,Yes,6,No
98,"May 28, 2023",Orgasmia,No,No,No,No,No,No,No,Yes,Yes,No,Yes,10,No
99,"May 29, 2023",Timings,No,No,No,No,No,No,No,Yes,Yes,No,Yes,8,No
99,"May 30, 2023",Trough ,No,No,Yes,No,No,No,Yes,Yes,No,No,Yes,4,Yes
99,"May 31, 2023",Walks,No,No,Yes,No,No,Yes,Yes,Yes,No,Yes,Yes,6,No
99,"June 1, 2023",Assumptions,No,No,Yes,Yes,No,Yes,Yes,Yes,No,Yes,Yes,7,No
99,"June 2, 2023",Explosion ,Yes,No,Yes,Yes,Yes,Yes,Yes,Yes,Yes,Yes,Yes,6,No
99,"June 3, 2023",Finale,No,Yes,No,Yes,Yes,Yes,Yes,Yes,No,Yes,Yes,8,No
99,"June 4, 2023",Flight,No,Yes,No,No,No,Yes,Yes,Yes,Yes,Yes,No,8,No
100,"June 5, 2023",Activity,No,No,No,No,No,No,No,Yes,Yes,Yes,Yes,9,No
100,"June 6, 2023",DISS,No,No,Yes,No,No,Yes,Yes,No,Yes,No,Yes,6,No
100,"June 7, 2023",Neurofied,No,No,Yes,No,Yes,Yes,Yes,Yes,Yes,Yes,No,7,No
100,"June 8, 2023",I love Terry,No,No,No,No,No,No,No,No,No,No,No,8,No
100,"June 9, 2023",Metro,No,No,Yes,Yes,No,Yes,Yes,Yes,Yes,Yes,Yes,8,No
100,"June 10, 2023",BBQBonanza,No,No,Yes,Yes,Yes,Yes,Yes,Yes,Yes,Yes,Yes,8,No
100,"June 11, 2023",Little bird,No,No,Yes,No,Yes,Yes,Yes,Yes,Yes,Yes,Yes,7,No
101,"June 12, 2023",New Tank,No,No,Yes,Yes,No,Yes,Yes,Yes,Yes,No,Yes,8,No
101,"June 13, 2023",Haze,No,No,No,No,No,No,No,No,No,No,No,,No
101,"June 14, 2023",IDK,No,No,Yes,No,No,No,No,Yes,Yes,No,Yes,6,No
101,"June 15, 2023",Dreams,No,No,Yes,Yes,No,No,No,Yes,Yes,No,Yes,6,No
101,"June 16, 2023",Bagebi,No,No,Yes,Yes,No,No,No,Yes,Yes,No,Yes,8,Yes
101,"June 17, 2023",Birthday Surprise,No,Yes,Yes,No,No,No,No,Yes,Yes,Yes,Yes,8,No
101,"June 18, 2023",Summer,No,No,Yes,No,No,No,No,Yes,No,No,Yes,7,No
102,"June 19, 2023",Hurry,No,No,Yes,No,No,No,No,Yes,No,No,Yes,6,Yes
102,"June 20, 2023",Tranquilizers,No,No,Yes,No,No,No,No,Yes,Yes,No,Yes,7,No
102,"June 21, 2023",Warm Welcome,No,Yes,No,No,No,No,No,Yes,Yes,No,Yes,6,Yes
102,"June 22, 2023",Plants,No,No,Yes,No,No,No,No,Yes,Yes,No,Yes,6,No
102,"June 23, 2023",Crash,No,No,No,No,No,No,No,Yes,No,No,No,6,No
102,"June 24, 2023",Boundaries,No,No,Yes,No,No,Yes,No,Yes,No,No,Yes,7,No
102,"June 25, 2023",Roy,No,No,Yes,Yes,No,No,No,Yes,Yes,No,Yes,8,No
103,"June 26, 2023",Showers,No,No,Yes,Yes,No,No,No,Yes,Yes,No,Yes,6,Yes
103,"June 27, 2023",Slump,No,No,Yes,Yes,Yes,Yes,Yes,Yes,Yes,Yes,Yes,5,No
103,"June 28, 2023",Slumping out ,No,No,Yes,Yes,Yes,Yes,Yes,Yes,Yes,Yes,Yes,6,No
103,"June 29, 2023",Scrape!,No,No,Yes,No,Yes,Yes,Yes,No,Yes,Yes,Yes,8,No
103,"June 30, 2023",Head fall,No,Yes,No,No,Yes,Yes,Yes,Yes,Yes,Yes,Yes,6,No
103,"July 1, 2023",Friendship,No,Yes,No,No,No,Yes,No,Yes,Yes,Yes,Yes,8,No
103,"July 2, 2023",Priorities,No,No,Yes,No,No,No,No,Yes,Yes,Yes,Yes,7,No
104,"July 3, 2023",Scraping,No,No,No,No,Yes,Yes,Yes,Yes,Yes,Yes,Yes,7,No
104,"July 4, 2023",Self,No,No,Yes,No,Yes,Yes,Yes,No,Yes,Yes,Yes,6,No
104,"July 5, 2023",Help,No,No,Yes,No,Yes,Yes,Yes,Yes,Yes,Yes,Yes,7,No
104,"July 6, 2023",Reboot,No,No,Yes,No,No,Yes,Yes,Yes,Yes,Yes,Yes,7,No
104,"July 7, 2023",Dishoom,No,No,Yes,No,No,No,No,Yes,Yes,Yes,Yes,6,No
104,"July 8, 2023",Alan and Em,No,No,Yes,No,Yes,Yes,Yes,Yes,Yes,Yes,Yes,5,No
104,"July 9, 2023",By myself,No,No,Yes,No,Yes,Yes,Yes,Yes,No,Yes,Yes,6,No
105,"July 10, 2023",Horse,No,No,Yes,No,Yes,Yes,Yes,Yes,Yes,Yes,Yes,7,No
105,"July 11, 2023",Lazy,No,No,Yes,No,Yes,Yes,Yes,Yes,Yes,Yes,Yes,5,No
105,"July 12, 2023",People ,No,No,No,No,Yes,Yes,Yes,Yes,Yes,Yes,Yes,7,No
105,"July 13, 2023",Go,No,No,Yes,No,Yes,Yes,Yes,No,No,Yes,Yes,6,No
105,"July 14, 2023",Moss poles,No,No,Yes,No,Yes,Yes,Yes,No,Yes,Yes,Yes,7,No
105,"July 15, 2023",Nails,No,No,Yes,No,Yes,Yes,Yes,Yes,No,Yes,Yes,6,No
105,"July 16, 2023",Progress,No,No,Yes,No,No,Yes,Yes,Yes,No,Yes,Yes,7,Yes
106,"July 17, 2023",Panic,No,No,Yes,No,Yes,Yes,Yes,Yes,No,Yes,Yes,6,No
106,"July 18, 2023",Visa,No,No,Yes,No,Yes,Yes,Yes,Yes,Yes,Yes,Yes,7,No
106,"July 19, 2023",Morning,No,No,No,No,No,Yes,Yes,Yes,Yes,Yes,Yes,5,No
106,"July 20, 2023",Gifts,No,No,Yes,No,No,Yes,Yes,Yes,Yes,Yes,Yes,6,No
106,"July 21, 2023",Barbie ,No,No,Yes,Yes,No,No,No,Yes,Yes,No,Yes,6,No
106,"July 22, 2023",Regrets,No,No,Yes,Yes,No,No,No,Yes,Yes,Yes,Yes,4,No
106,"July 23, 2023",Bored,No,No,Yes,No,Yes,Yes,Yes,Yes,Yes,Yes,Yes,5,No
107,"July 24, 2023",HelloFresh,Yes,No,Yes,No,Yes,Yes,Yes,Yes,Yes,Yes,Yes,6,No
107,"July 25, 2023",Operational,No,No,Yes,Yes,Yes,Yes,Yes,No,No,Yes,Yes,5,No
107,"July 26, 2023",Support,No,No,Yes,Yes,Yes,Yes,Yes,Yes,No,Yes,Yes,5,Yes
107,"July 27, 2023",WAKE UP,No,No,Yes,No,Yes,Yes,No,Yes,Yes,Yes,Yes,6,No
107,"July 28, 2023",Near death,No,No,Yes,No,Yes,Yes,Yes,Yes,Yes,Yes,Yes,6,Yes
107,"July 29, 2023",Skill Development,No,No,Yes,No,No,Yes,Yes,Yes,No,Yes,Yes,6,Yes
107,"July 30, 2023",CODING BEASt,No,No,Yes,No,No,Yes,Yes,Yes,Yes,Yes,Yes,7,Yes
108,"July 31, 2023",Sparkling,No,No,Yes,No,No,Yes,Yes,Yes,Yes,Yes,Yes,6,Yes
108,"August 1, 2023",Flowers,No,No,Yes,No,No,Yes,Yes,Yes,Yes,Yes,Yes,4,Yes
108,"August 2, 2023",Duck ,No,No,Yes,No,No,Yes,No,Yes,Yes,Yes,Yes,7,No
108,"August 3, 2023",Meh,No,No,Yes,No,No,Yes,No,Yes,Yes,Yes,Yes,6,No
108,"August 4, 2023",Pani Puri,No,No,Yes,No,No,Yes,No,Yes,Yes,Yes,No,7,No
108,"August 5, 2023",Early,No,Yes,Yes,No,No,Yes,No,Yes,No,Yes,Yes,7,Yes
108,"August 6, 2023",Rolling,No,No,Yes,No,No,Yes,No,Yes,No,Yes,Yes,6,Yes
109,"August 7, 2023",Boundaries yay,Yes,No,Yes,No,Yes,Yes,Yes,No,Yes,Yes,Yes,6,Yes
109,"August 8, 2023",Exploding,No,No,Yes,No,No,Yes,Yes,No,No,Yes,Yes,6,Yes
109,"August 9, 2023",Red Brick Market,No,No,Yes,No,Yes,Yes,Yes,Yes,Yes,Yes,Yes,7,Yes
109,"August 10, 2023",Oppenheimer,No,No,Yes,No,Yes,Yes,Yes,Yes,Yes,Yes,Yes,4,No
109,"August 11, 2023",WOW,No,No,Yes,No,Yes,Yes,Yes,Yes,Yes,Yes,Yes,4,No
109,"August 12, 2023",Brain pimple,No,No,Yes,No,Yes,Yes,No,Yes,Yes,Yes,Yes,6,No
109,"August 13, 2023",Dual,No,No,Yes,No,Yes,Yes,No,Yes,No,Yes,Yes,5,No
110,"August 14, 2023",Alva,No,Yes,Yes,No,Yes,Yes,Yes,Yes,Yes,Yes,Yes,7,Yes
110,"August 15, 2023",Portman,No,No,Yes,No,No,Yes,No,Yes,Yes,Yes,Yes,6,No
110,"August 16, 2023",Barefoot,No,No,No,No,No,No,No,Yes,Yes,Yes,Yes,6,No
110,"August 17, 2023",Sludge,No,No,Yes,No,No,Yes,No,Yes,Yes,Yes,Yes,4,No
110,"August 18, 2023",Hugs,No,No,Yes,No,No,No,No,Yes,Yes,Yes,Yes,5,No
110,"August 19, 2023",Lemons,No,No,Yes,No,No,No,No,Yes,Yes,No,Yes,6,No
110,"August 20, 2023",Write up,No,No,Yes,No,Yes,No,No,Yes,No,No,Yes,7,No
111,"August 21, 2023",Turbo,No,No,Yes,Yes,No,Yes,Yes,No,No,Yes,Yes,7,Yes
111,"August 22, 2023",CUTTINGS,No,No,Yes,No,Yes,Yes,Yes,No,No,Yes,Yes,7,Yes
111,"August 23, 2023",Dreams,No,No,Yes,No,Yes,Yes,Yes,No,No,Yes,Yes,6,No
111,"August 24, 2023",Mommy,No,No,Yes,No,Yes,Yes,Yes,Yes,Yes,Yes,Yes,7,No
111,"August 25, 2023",Moderation,No,No,Yes,Yes,Yes,Yes,Yes,Yes,No,Yes,Yes,6,No
111,"August 26, 2023",Slump,No,No,Yes,No,No,Yes,Yes,Yes,No,Yes,Yes,4,No
111,"August 27, 2023",Discussion,No,No,Yes,No,No,Yes,Yes,No,Yes,Yes,Yes,6,No
112,"August 28, 2023",Verbal processing,No,No,Yes,No,No,No,No,No,Yes,No,No,3,No
112,"August 29, 2023",SUBMITTED,No,No,Yes,No,No,No,No,Yes,No,No,No,5,No
112,"August 30, 2023",Relief,No,No,Yes,No,No,No,No,No,Yes,No,Yes,5,No
112,"August 31, 2023",Rot,No,No,Yes,No,No,Yes,No,Yes,Yes,Yes,Yes,5,No
112,"September 1, 2023",Moving,No,No,Yes,No,No,Yes,No,Yes,Yes,No,Yes,7,No
112,"September 2, 2023",Molasses,No,No,Yes,No,No,No,No,Yes,Yes,Yes,Yes,8,Yes
112,"September 3, 2023",Chores,No,No,Yes,No,No,No,No,Yes,No,Yes,Yes,7,No
113,"September 4, 2023",Selfish,No,No,Yes,No,No,Yes,No,No,No,Yes,No,4,No
113,"September 5, 2023",Journey,No,No,Yes,Yes,Yes,Yes,Yes,Yes,No,Yes,Yes,6,No
113,"September 6, 2023",Keys,No,No,Yes,Yes,No,Yes,Yes,Yes,No,Yes,Yes,6,No
113,"September 7, 2023",Shearwater ,No,No,Yes,Yes,No,Yes,Yes,Yes,Yes,Yes,Yes,7,No
113,"September 8, 2023",Prathitomancer,No,No,Yes,Yes,No,Yes,Yes,Yes,Yes,Yes,Yes,7,No
113,"September 9, 2023",Weir,No,No,Yes,Yes,No,Yes,Yes,Yes,Yes,Yes,Yes,8,No
113,"September 10, 2023",Burning fuel,No,No,Yes,Yes,No,Yes,Yes,Yes,Yes,Yes,Yes,5,No
114,"September 11, 2023",Lungs,Yes,No,Yes,Yes,Yes,Yes,Yes,No,Yes,Yes,Yes,3,No
114,"September 12, 2023",Succulents,Yes,No,Yes,Yes,Yes,Yes,Yes,Yes,Yes,Yes,Yes,7,No
114,"September 13, 2023",Flower ,Yes,No,Yes,Yes,Yes,Yes,Yes,Yes,Yes,Yes,Yes,3,No
114,"September 14, 2023",Data Better,Yes,No,Yes,Yes,Yes,Yes,Yes,Yes,No,Yes,Yes,5,No
114,"September 15, 2023",Loudspeak karma,Yes,No,Yes,Yes,Yes,Yes,Yes,Yes,No,Yes,Yes,6,No
114,"September 16, 2023",Rise,Yes,No,Yes,Yes,Yes,Yes,Yes,Yes,No,Yes,Yes,7,No
114,"September 17, 2023",Fulfillment ,Yes,No,Yes,Yes,Yes,Yes,Yes,Yes,Yes,Yes,Yes,9,No
115,"September 18, 2023",Intentions,Yes,No,Yes,Yes,Yes,Yes,Yes,Yes,No,Yes,Yes,6,Yes
115,"September 19, 2023",Neeming,Yes,No,Yes,Yes,No,Yes,Yes,No,No,Yes,Yes,6,No
115,"September 20, 2023",Catching,Yes,No,Yes,Yes,No,Yes,Yes,No,No,Yes,Yes,6,No
115,"September 21, 2023",Emotions,No,No,Yes,No,No,Yes,Yes,Yes,No,Yes,Yes,4,No
115,"September 22, 2023",Perfect Morning,No,No,Yes,Yes,No,Yes,Yes,Yes,No,Yes,Yes,7,No
115,"September 23, 2023",Cacti friends,No,No,Yes,Yes,No,Yes,Yes,Yes,No,Yes,Yes,6,No
115,"September 24, 2023",,Yes,No,Yes,Yes,No,Yes,Yes,No,No,Yes,Yes,,No
116,"September 25, 2023",Steady,Yes,No,Yes,Yes,Yes,Yes,Yes,Yes,No,Yes,Yes,6,No
116,"September 26, 2023",Infestations,Yes,No,Yes,Yes,Yes,Yes,Yes,Yes,No,Yes,Yes,4,No
116,"September 27, 2023",Bonding,Yes,No,Yes,Yes,Yes,Yes,Yes,No,No,Yes,Yes,7,No
116,"September 28, 2023",Buns ,Yes,No,Yes,Yes,Yes,Yes,Yes,Yes,Yes,Yes,Yes,8,No
116,"September 29, 2023",Reunions,Yes,Yes,Yes,Yes,Yes,Yes,Yes,Yes,Yes,Yes,Yes,10,No
116,"September 30, 2023",Kenilworth strike,No,No,Yes,No,No,No,No,Yes,Yes,No,Yes,7,No
116,"October 1, 2023",Karmic returns,No,Yes,Yes,No,No,No,No,Yes,Yes,No,Yes,7,No
117,"October 2, 2023",Bed,No,No,Yes,No,No,No,No,Yes,Yes,No,Yes,5,Yes
117,"October 3, 2023",Friends,Yes,No,Yes,No,No,Yes,Yes,Yes,Yes,No,Yes,8,No
117,"October 4, 2023",Fashion,No,Yes,Yes,No,No,Yes,Yes,Yes,No,Yes,Yes,8,No
117,"October 5, 2023",Talk,No,No,Yes,No,No,No,No,Yes,Yes,Yes,No,8,No
117,"October 6, 2023",Frog,No,No,Yes,No,No,Yes,Yes,Yes,No,Yes,Yes,6,No
117,"October 7, 2023",Gang,No,No,Yes,No,Yes,Yes,Yes,Yes,Yes,Yes,Yes,7,Yes
117,"October 8, 2023",Butterfly,No,No,No,No,No,No,No,Yes,Yes,No,Yes,8,Yes
118,"October 9, 2023",Pack,No,Yes,Yes,No,No,No,No,Yes,Yes,No,Yes,7,No
118,"October 10, 2023",Bloody care,No,No,Yes,No,No,Yes,Yes,Yes,Yes,Yes,Yes,8,No
118,"October 11, 2023",Accelerate,No,No,Yes,No,No,No,No,Yes,No,Yes,Yes,7,No
118,"October 12, 2023",Neeming,No,No,Yes,No,No,No,No,Yes,No,No,Yes,7,No
118,"October 13, 2023",Together,No,No,Yes,No,No,No,No,Yes,Yes,No,Yes,8,No
118,"October 14, 2023",With the fairies,No,Yes,Yes,Yes,No,No,No,Yes,Yes,No,Yes,7,No
118,"October 15, 2023",BatHalf,No,Yes,No,Yes,No,No,No,Yes,Yes,Yes,Yes,8,Yes
119,"October 16, 2023",Zombie,No,Yes,No,Yes,No,No,No,Yes,Yes,Yes,Yes,5,No
119,"October 17, 2023",Pudong,Yes,Yes,Yes,Yes,No,No,No,Yes,Yes,Yes,Yes,5,No
119,"October 18, 2023",Culture,Yes,No,No,Yes,No,No,No,Yes,Yes,Yes,Yes,8,No
119,"October 19, 2023",Roaches,No,No,No,No,No,No,No,Yes,Yes,Yes,Yes,7,No
119,"October 20, 2023",Rain,No,No,Yes,No,No,No,No,Yes,Yes,Yes,Yes,6,No
119,"October 21, 2023",Notion,No,No,No,No,Yes,No,No,Yes,Yes,Yes,Yes,6,Yes
119,"October 22, 2023",Brian,No,No,No,No,No,No,No,Yes,Yes,Yes,Yes,7,Yes
120,"October 23, 2023",Sisters,No,No,No,Yes,No,No,No,Yes,Yes,Yes,Yes,8,Yes
120,"October 24, 2023",,No,No,No,No,No,No,No,No,No,No,No,,No
120,"October 25, 2023",,No,No,No,No,No,No,No,No,No,No,No,,No
120,"October 26, 2023",,No,No,No,No,No,No,No,No,No,No,No,,No
120,"October 27, 2023",,No,No,No,No,No,No,No,No,No,No,No,,No
120,"October 28, 2023",,No,No,No,No,No,No,No,No,No,No,No,,No
120,"October 29, 2023",Leavers,No,No,No,No,No,No,No,No,No,No,No,,No
121,"October 30, 2023",Rescue,No,No,Yes,Yes,No,No,No,Yes,Yes,Yes,No,4,Yes
121,"October 31, 2023",Weeded Panic,No,No,No,Yes,No,No,No,Yes,Yes,Yes,No,6,No
121,"November 1, 2023",Fresh Start,No,Yes,Yes,No,No,No,No,Yes,Yes,Yes,Yes,6,Yes
121,"November 2, 2023",autumn lover,No,Yes,Yes,No,No,Yes,Yes,Yes,Yes,No,No,8,No
121,"November 3, 2023",,No,Yes,Yes,No,Yes,Yes,Yes,Yes,Yes,Yes,Yes,6,No
121,"November 4, 2023",,No,Yes,Yes,No,Yes,Yes,Yes,No,Yes,Yes,Yes,6,No
121,"November 5, 2023",Creative rush,No,Yes,Yes,No,No,Yes,Yes,No,No,Yes,No,7,No
122,"November 6, 2023",Flow,No,Yes,Yes,No,No,Yes,Yes,No,No,Yes,Yes,9,No
122,"November 7, 2023",Breath,No,Yes,Yes,No,No,No,Yes,No,No,No,Yes,6,No
122,"November 8, 2023",Lots,No,Yes,Yes,No,No,No,Yes,Yes,Yes,No,Yes,6,No
122,"November 9, 2023",Glitter,No,Yes,Yes,No,No,No,No,No,Yes,No,Yes,7,No
122,"November 10, 2023",Finished,No,No,No,No,No,No,No,Yes,No,No,Yes,7,No
122,"November 11, 2023",Reunions,No,Yes,Yes,No,No,No,No,Yes,Yes,No,No,8,No
122,"November 12, 2023",Greenwich,No,No,No,No,No,No,No,Yes,Yes,No,Yes,7,No
123,"November 13, 2023",Community,No,No,Yes,No,No,No,No,Yes,No,No,Yes,8,No
123,"November 14, 2023",Appreciation,No,Yes,No,No,No,No,No,Yes,Yes,Yes,Yes,7,Yes
123,"November 15, 2023",Jetski,No,No,Yes,No,Yes,No,No,Yes,Yes,Yes,Yes,8,Yes
123,"November 16, 2023",Accountability,No,Yes,Yes,No,Yes,No,No,Yes,Yes,Yes,Yes,8,Yes
123,"November 17, 2023",Obstacles,No,No,Yes,No,Yes,No,No,Yes,Yes,No,Yes,9,Yes
123,"November 18, 2023",SUP,No,Yes,Yes,No,Yes,No,No,Yes,Yes,Yes,Yes,8,Yes
123,"November 19, 2023",Mocha,No,No,Yes,No,Yes,No,No,Yes,Yes,No,Yes,7,Yes
124,"November 20, 2023",Heartbreak,No,Yes,Yes,Yes,Yes,No,No,Yes,Yes,No,Yes,6,No
124,"November 21, 2023",Endings,No,Yes,Yes,Yes,Yes,No,No,Yes,Yes,No,Yes,6,No
124,"November 22, 2023",Seizure,No,Yes,No,No,No,No,No,Yes,Yes,No,No,7,No
124,"November 23, 2023",Sick,No,No,Yes,No,No,No,No,Yes,Yes,No,Yes,6,No
124,"November 24, 2023",Government,No,Yes,Yes,No,No,No,No,Yes,Yes,No,No,6,No
124,"November 25, 2023",Lumbar Lordosis,No,No,Yes,No,Yes,No,No,Yes,Yes,Yes,Yes,7,Yes
124,"November 26, 2023",Mother‚Äôs day,No,No,Yes,No,No,No,No,Yes,Yes,No,Yes,6,Yes
125,"November 27, 2023",Settling,No,No,Yes,No,No,No,No,Yes,Yes,Yes,Yes,5,No
125,"November 28, 2023",Premonitions,No,No,Yes,No,No,No,No,Yes,Yes,Yes,Yes,6,No
125,"November 29, 2023",Declutter,No,No,Yes,No,No,No,No,Yes,Yes,Yes,Yes,6,Yes
125,"November 30, 2023",Cars,No,No,Yes,No,No,No,No,Yes,Yes,Yes,Yes,6,No
125,"December 1, 2023",Ari day,No,No,Yes,No,No,No,No,Yes,Yes,No,Yes,8,Yes
125,"December 2, 2023",Chernish end,No,No,Yes,No,Yes,No,No,Yes,Yes,No,Yes,3,No
125,"December 3, 2023",Snowing ,No,No,Yes,No,Yes,No,No,Yes,Yes,No,Yes,8,No
126,"December 4, 2023",Drive,No,No,Yes,No,No,No,Yes,Yes,Yes,Yes,Yes,6,No
126,"December 5, 2023",Proving,No,Yes,No,No,No,No,Yes,Yes,No,Yes,Yes,6,No
126,"December 6, 2023",Innick,No,No,Yes,No,No,No,No,Yes,Yes,Yes,Yes,6,Yes
126,"December 7, 2023",Appointments ,Yes,Yes,No,No,Yes,No,No,Yes,Yes,Yes,Yes,10,No
126,"December 8, 2023",Anger,No,Yes,Yes,No,No,No,No,Yes,Yes,No,No,5,No
126,"December 9, 2023",Family,No,No,Yes,No,No,No,Yes,Yes,Yes,No,Yes,10,Yes
126,"December 10, 2023",Chaos pipes,No,No,Yes,No,No,No,Yes,Yes,No,Yes,Yes,5,Yes
127,"December 11, 2023",Copyright,No,No,Yes,No,No,No,Yes,Yes,Yes,No,Yes,5,No
127,"December 12, 2023",Chickens,No,Yes,No,No,No,No,No,Yes,Yes,No,Yes,8,Yes
127,"December 13, 2023",Trough,No,No,No,Yes,No,No,No,Yes,Yes,Yes,Yes,3,Yes
127,"December 14, 2023",Rug,No,No,Yes,No,Yes,No,No,Yes,Yes,Yes,Yes,5,No
127,"December 15, 2023",Awareness?,No,Yes,No,Yes,No,No,No,Yes,Yes,Yes,Yes,6,Yes
127,"December 16, 2023",drive,No,Yes,No,No,Yes,No,Yes,Yes,Yes,Yes,Yes,6,No
127,"December 17, 2023",Respect,No,No,Yes,No,No,No,Yes,No,Yes,Yes,Yes,5,No
128,"December 18, 2023",Surprises,No,No,Yes,Yes,No,No,Yes,Yes,Yes,Yes,Yes,7,No
128,"December 19, 2023",Golden Ratio,No,Yes,No,No,No,No,Yes,Yes,Yes,Yes,Yes,6,Yes
128,"December 20, 2023",Depth,No,Yes,No,Yes,No,No,Yes,Yes,Yes,Yes,Yes,7,Yes
128,"December 21, 2023",Driving,No,No,No,No,No,No,Yes,Yes,Yes,Yes,Yes,6,No
128,"December 22, 2023",Tired,No,Yes,Yes,No,No,No,Yes,Yes,Yes,Yes,Yes,5,No
128,"December 23, 2023",Bedsheets,No,No,Yes,Yes,No,No,Yes,Yes,Yes,Yes,Yes,6,No
128,"December 24, 2023",Sorting,No,No,Yes,No,No,No,No,Yes,Yes,Yes,Yes,6,No
129,"December 25, 2023",Humility,No,Yes,No,No,No,No,Yes,Yes,Yes,Yes,Yes,8,No
129,"December 26, 2023",Alters,No,Yes,No,No,No,No,No,Yes,Yes,Yes,Yes,7,No
129,"December 27, 2023",Unwelcome,No,Yes,No,No,No,No,No,Yes,Yes,Yes,Yes,6,Yes
129,"December 28, 2023",Pride,Yes,Yes,No,No,Yes,No,Yes,Yes,Yes,Yes,Yes,7,Yes
129,"December 29, 2023",Turnaround,No,No,Yes,No,No,No,No,Yes,Yes,No,Yes,4,No
129,"December 30, 2023",catto,No,No,Yes,No,No,No,No,Yes,Yes,Yes,Yes,7,Yes
129,"December 31, 2023",Bustle,No,No,Yes,No,No,No,No,Yes,Yes,No,Yes,6,Yes
130,"January 1, 2024",Crash,No,No,Yes,Yes,No,No,No,Yes,Yes,No,Yes,8,No
130,"January 2, 2024",Friends,No,No,Yes,Yes,No,No,No,Yes,Yes,No,Yes,8,No
130,"January 3, 2024",Percy,No,No,Yes,No,No,No,Yes,Yes,Yes,No,Yes,6,No
130,"January 4, 2024",Early ,No,No,No,No,No,No,Yes,Yes,Yes,No,Yes,6,No
130,"January 5, 2024",Pots,No,No,Yes,No,No,No,No,Yes,Yes,No,Yes,6,No
130,"January 6, 2024",Emka,No,No,Yes,No,No,No,No,Yes,Yes,No,Yes,7,No
130,"January 7, 2024",Christmas,No,No,Yes,No,No,No,No,Yes,Yes,No,Yes,6,No
131,"January 8, 2024",,No,No,No,No,No,No,No,No,No,No,No,,No
131,"January 9, 2024",,No,No,No,No,No,No,No,No,No,No,No,,No
131,"January 10, 2024",,No,No,No,No,No,No,No,No,No,No,No,,No
131,"January 11, 2024",,No,No,No,No,No,No,No,No,No,No,No,,No
131,"January 12, 2024",,No,No,No,No,No,No,No,No,No,No,No,,No
131,"January 13, 2024",,No,No,No,No,No,No,No,No,No,No,No,,No
131,"January 14, 2024",,No,No,No,No,No,No,No,No,No,No,No,,No
55,,5,No,No,No,No,No,No,No,No,No,No,No,,No
,,,No,No,No,No,No,No,No,No,No,No,No,,No
,,,No,No,No,No,No,No,No,No,No,No,No,,No
,,,No,No,No,No,No,No,No,No,No,No,No,,No
,,,No,No,No,No,No,No,No,No,No,No,No,,No
,,,No,No,No,No,No,No,No,No,No,No,No,,No
,,,No,No,No,No,No,No,No,No,No,No,No,,No
,,,No,No,No,No,No,No,No,No,No,No,No,,No
,,,No,No,No,No,No,No,No,No,No,No,No,,No
,,,No,No,No,No,No,No,No,No,No,No,No,,No